applicant_id,name,email,degree,skill_primary,experience_years,city
1,Aryan Maharaj,udantdewan@example.net,MBA,Accounting,2.7,Chennai
2,Gagan Sami,balangirik@example.org,MCA,Accounting,4.8,Pune
3,Yashasvi Bala,onikannan@example.com,B.Sc,Digital Marketing,3.1,Noida
4,Abeer Dutta,roak@example.org,MBA,Python,4.9,Chennai
5,Gayathri Chaudry,raigunbir@example.com,M.Tech,Excel,4.8,Pune
6,Aishani Bassi,hyadav@example.com,B.Tech,SQL,1.5,Kolkata
7,Chaaya Pathak,ekarajbath@example.net,B.Sc,Accounting,2.5,Noida
8,Bimala Buch,harrisonrai@example.com,BBA,Customer Service,4.2,Kolkata
9,Janya Gaba,isha34@example.net,M.Sc,Excel,0.9,Bengaluru
10,Onveer Walla,nihalshere@example.com,B.Sc,Cloud Computing,2.6,Pune
11,Theodore Nair,karnikazad@example.com,MCA,Accounting,0.3,Chennai
12,Amrita Bhatti,divyakala@example.net,B.Sc,Accounting,0.8,Kolkata
13,Meghana Shanker,alkadewan@example.org,MCA,Data Analysis,3.6,Kolkata
14,Priya Rastogi,theodore28@example.com,MCA,Communication,5.0,Jaipur
15,Champak Choudhary,nathanielsami@example.net,BCA,Java,4.5,Kolkata
16,Lekha Raj,qwadhwa@example.net,BCA,Digital Marketing,4.5,Mumbai
17,Ishwar Yadav,harini14@example.com,MCA,Accounting,3.8,Mumbai
18,Sudiksha Aggarwal,xiti28@example.org,BCA,Python,4.3,Chennai
19,Yashica Issac,kashviedwin@example.net,M.Tech,React,1.9,Jaipur
20,Ekiya Suresh,choudhuryjanani@example.com,B.Sc,Java,0.9,Ahmedabad
21,Dalbir Khosla,chadavedika@example.org,B.Com,Customer Service,1.3,Ahmedabad
22,Kabir Soman,alkawable@example.net,M.Sc,React,3.3,Ahmedabad
23,Siddharth Zacharia,devikarastogi@example.net,B.Tech,Excel,5.0,Ahmedabad
24,Raksha Varughese,pdara@example.org,B.Tech,UI/UX Design,5.3,Noida
25,Hamsini Bail,thomasamble@example.org,M.Sc,Accounting,0.0,Delhi NCR
26,Veer Bir,narayananekavir@example.net,M.Tech,Cloud Computing,2.3,Ahmedabad
27,Arya Sunder,kevinsolanki@example.org,MCA,Customer Service,4.4,Noida
28,Niharika Gupta,chatterjeeraagini@example.com,BBA,Accounting,1.3,Ahmedabad
29,Nirja Sibal,chaudharidarsh@example.com,BCA,SQL,2.3,Ahmedabad
30,Ikbal Kothari,ranveeryadav@example.com,B.Com,UI/UX Design,2.8,Pune
31,Pahal Goswami,turvi31@example.com,MCA,SQL,5.4,Noida
32,Chandresh Zachariah,chanderwarjas@example.org,B.Tech,Python,3.9,Pune
33,Vedika Srivastava,nandinibhargava@example.org,BCA,Java,0.3,Ahmedabad
34,Aarnav Ramakrishnan,suhani46@example.net,MBA,Excel,2.7,Delhi NCR
35,Mohammed Gupta,teerth09@example.net,M.Sc,Digital Marketing,4.5,Ahmedabad
36,Dipta Bhandari,soodyadavi@example.net,M.Tech,UI/UX Design,0.5,Bengaluru
37,Dakshesh Trivedi,grewalekapad@example.net,MCA,SQL,6.0,Delhi NCR
38,Wahab Raval,koshybalveer@example.net,BBA,Sales,0.4,Bengaluru
39,Oni Virk,advika35@example.org,B.Tech,Excel,1.2,Bengaluru
40,Meghana Deep,tanvi51@example.org,B.Com,Excel,0.8,Hyderabad
41,Harish Borah,yashawinilanka@example.org,BBA,Accounting,4.2,Delhi NCR
42,Ekapad Konda,bhavani27@example.net,B.Com,Power BI,3.6,Hyderabad
43,Abhiram Mistry,desaiaishani@example.org,B.Com,Digital Marketing,0.6,Bengaluru
44,Nachiket Magar,shivansh53@example.net,M.Tech,Power BI,4.1,Ahmedabad
45,Yashasvi Suresh,charan16@example.com,M.Sc,Customer Service,1.2,Noida
46,Aarush Nath,adwetaedwin@example.net,BBA,Python,4.2,Mumbai
47,Prisha Andra,borramanthan@example.net,B.Sc,Cloud Computing,5.9,Bengaluru
48,Kala Divan,cdatta@example.com,MBA,Data Analysis,2.6,Delhi NCR
49,Balveer Parmar,zaidchauhan@example.com,B.Sc,Data Analysis,3.9,Bengaluru
50,Mohammed Khalsa,petersachar@example.org,M.Sc,UI/UX Design,2.9,Ahmedabad
51,Gaurangi Sabharwal,amaradutta@example.net,MBA,Sales,5.3,Kolkata
52,Lavanya Barad,mkapadia@example.com,B.Com,Communication,1.1,Jaipur
53,Dalaja Kari,arjunhans@example.com,M.Tech,Power BI,4.8,Jaipur
54,Arya Boase,indali86@example.net,BCA,Accounting,2.6,Noida
55,Ayaan D’Alia,pranav94@example.org,M.Tech,React,5.1,Hyderabad
56,Radha Pai,rajata98@example.org,M.Tech,Accounting,1.5,Kolkata
57,Ranveer Kumar,sarinaarav@example.net,M.Sc,React,0.2,Delhi NCR
58,Januja Sankar,narayanandipta@example.net,B.Com,Accounting,1.3,Mumbai
59,Charita Tripathi,nilima56@example.net,MBA,Digital Marketing,5.3,Mumbai
60,Joshua Handa,rraghavan@example.net,MCA,SQL,3.1,Chennai
61,Charvi Ravi,modibhavini@example.org,B.Sc,Excel,4.3,Kolkata
62,Ekanta Shroff,rsathe@example.org,MCA,Cloud Computing,1.4,Kolkata
63,Omkaar Chad,yutika95@example.org,BCA,Accounting,4.8,Hyderabad
64,Dayita Kar,mananbakshi@example.org,M.Tech,Excel,2.4,Chennai
65,Vaishnavi Bora,osachdeva@example.net,M.Tech,Sales,3.5,Kolkata
66,Leena Talwar,jkohli@example.net,MCA,Data Analysis,2.1,Jaipur
67,Hredhaan Sandal,patrickvasa@example.com,MBA,React,4.2,Mumbai
68,Zaid Dara,zdeol@example.com,M.Tech,Digital Marketing,1.4,Chennai
69,Saanvi Thaman,ksehgal@example.net,MBA,Python,4.5,Pune
70,Shivani Lad,aradhanaverma@example.com,BBA,Excel,4.4,Mumbai
71,Anvi Sarraf,mangalwahab@example.com,MCA,Power BI,1.7,Hyderabad
72,Ekaja Zachariah,devimatthew@example.org,BBA,Digital Marketing,1.4,Pune
73,Michael Kala,sachdevanikita@example.com,M.Tech,SQL,4.2,Pune
74,Ojasvi Bhatia,osharamachandran@example.net,M.Tech,SQL,5.8,Jaipur
75,Lajita Sood,pandeychanchal@example.com,M.Tech,Customer Service,5.7,Kolkata
76,Thomas Sura,anjalisarin@example.com,B.Sc,UI/UX Design,0.1,Mumbai
77,Lopa Nayar,dgandhi@example.org,BCA,Accounting,2.6,Pune
78,Meera Bala,sanghakrishna@example.com,B.Tech,Digital Marketing,5.6,Kolkata
79,Chandresh Lad,nnarang@example.com,B.Sc,UI/UX Design,0.4,Kolkata
80,Geetika Raghavan,oviya41@example.com,B.Sc,Power BI,3.8,Bengaluru
81,Charles Palla,ekapadbaria@example.org,B.Com,Java,4.9,Mumbai
82,Ryan Bahri,williamdate@example.com,B.Sc,Excel,0.7,Ahmedabad
83,Tejas Shroff,jyoti29@example.net,BBA,Cloud Computing,3.1,Kolkata
84,Nihal Mukhopadhyay,baldevika@example.net,BCA,Digital Marketing,5.2,Ahmedabad
85,Mekhala Issac,kibeharsh@example.net,M.Tech,Power BI,3.7,Noida
86,Jai Barman,priya51@example.net,B.Sc,Cloud Computing,1.2,Chennai
87,Advik Salvi,bcherian@example.com,M.Tech,Sales,0.5,Chennai
88,Michael Saran,anamikayohannan@example.com,B.Com,Data Analysis,0.5,Bengaluru
89,Rajata Loyal,yatan14@example.com,M.Sc,Accounting,4.1,Kolkata
90,Ucchal Raghavan,ayush75@example.org,M.Tech,SQL,1.4,Mumbai
91,Simon Pant,harini49@example.net,BCA,Python,4.1,Mumbai
92,Advaith Varughese,frederickkhurana@example.net,BBA,Communication,0.7,Chennai
93,Vrinda Khosla,cswaminathan@example.org,B.Com,Digital Marketing,5.0,Hyderabad
94,Chaitaly Kant,tkohli@example.net,B.Tech,Java,4.8,Noida
95,Urvashi Wali,pavani85@example.com,M.Tech,Accounting,0.7,Mumbai
96,Anika Mohan,vihaan13@example.com,M.Sc,Digital Marketing,3.0,Kolkata
97,Qasim Handa,vedamalhotra@example.net,BCA,Python,3.6,Ahmedabad
98,Harish Hari,utkarsh52@example.com,MBA,Power BI,1.5,Hyderabad
99,Jonathan Mahal,bhagatbrinda@example.net,BBA,Sales,5.0,Noida
100,Vritti Chauhan,maneupasna@example.com,B.Tech,Cloud Computing,4.0,Mumbai
101,Harini Gour,krishnanvanya@example.org,B.Tech,Cloud Computing,4.5,Kolkata
102,Nandini Swamy,beramax@example.org,MCA,Sales,2.7,Mumbai
103,Frederick Kothari,sahaupkaar@example.net,B.Com,Power BI,2.6,Kolkata
104,Shravya Savant,pushti49@example.net,B.Sc,Accounting,2.1,Delhi NCR
105,Hardik Johal,aishanibumb@example.org,MBA,Sales,0.6,Pune
106,Oscar Borde,aarnavrege@example.com,MBA,Communication,4.2,Mumbai
107,Bishakha Bali,bhavyamandal@example.net,M.Sc,UI/UX Design,4.6,Bengaluru
108,Ekavir Kaur,rudra61@example.net,BCA,Python,1.9,Delhi NCR
109,Manthan Lata,ekbalbhasin@example.org,B.Sc,Cloud Computing,2.4,Jaipur
110,Bhavya Sarna,sidhudaksha@example.net,B.Tech,Sales,5.2,Kolkata
111,Anita Tella,fsarma@example.net,M.Sc,SQL,1.1,Delhi NCR
112,Rachana Naidu,atharv13@example.net,BCA,Sales,2.7,Bengaluru
113,Amruta Baria,upmavenkataraman@example.net,BBA,Digital Marketing,3.3,Mumbai
114,Arunima Golla,fswamy@example.com,BCA,Customer Service,2.9,Bengaluru
115,Nilima Nath,henry25@example.com,BBA,Customer Service,1.0,Jaipur
116,Bhavya Rattan,shagaurang@example.com,B.Tech,Data Analysis,2.4,Chennai
117,Ekiya D’Alia,avarkey@example.net,B.Sc,Accounting,5.7,Pune
118,Odika Bhagat,zarnapathak@example.net,BCA,Customer Service,1.8,Mumbai
119,Riya Behl,amaradeep@example.com,M.Sc,UI/UX Design,2.9,Kolkata
120,Vedhika Dara,khatrinathan@example.com,BBA,Accounting,3.3,Ahmedabad
121,Nikita Chander,ishaanshenoy@example.org,BBA,Power BI,3.0,Pune
122,Wishi Manne,ojasvi77@example.org,B.Sc,Digital Marketing,4.6,Ahmedabad
123,Maanav Rajagopal,yashodadeshpande@example.org,MBA,Cloud Computing,3.0,Bengaluru
124,Oeshi Oak,aarnav44@example.net,M.Tech,Customer Service,1.8,Noida
125,Manthan Sekhon,vpai@example.net,BCA,UI/UX Design,0.9,Jaipur
126,Tamanna Nagy,williamrajagopal@example.org,BCA,React,2.0,Jaipur
127,Caleb Nadkarni,yraj@example.net,M.Sc,Accounting,5.6,Chennai
128,Warhi Bansal,yadavinarula@example.org,BBA,Power BI,2.3,Ahmedabad
129,Harish Vora,uaurora@example.org,B.Tech,React,4.5,Ahmedabad
130,Mohammed Borde,vlanka@example.net,M.Sc,Sales,4.8,Pune
131,Faris Narasimhan,onadig@example.net,BCA,SQL,0.8,Noida
132,Balendra Biswas,bhavnakaran@example.net,MBA,UI/UX Design,0.6,Kolkata
133,Radha Chaudhari,sawhneyojas@example.net,B.Sc,Data Analysis,5.5,Bengaluru
134,Ayush Batra,daksh45@example.com,B.Com,Communication,5.2,Pune
135,Madhav Konda,kgole@example.org,B.Sc,Accounting,4.7,Mumbai
136,Lavanya Khosla,odhar@example.com,MBA,Power BI,4.2,Hyderabad
137,Tripti Kumer,shroffbhavna@example.net,MBA,UI/UX Design,4.0,Jaipur
138,Ethan Sathe,chandani64@example.com,M.Sc,React,3.8,Kolkata
139,Rushil Rajagopalan,pchhabra@example.com,MCA,SQL,3.7,Chennai
140,Chakrika Merchant,randhawaanvi@example.org,M.Tech,Excel,4.5,Ahmedabad
141,Watika Mangat,indirakanda@example.net,B.Sc,Cloud Computing,3.8,Hyderabad
142,Zashil Devan,baraldayamai@example.com,BCA,Java,4.2,Bengaluru
143,Janya Deep,merchanteta@example.net,B.Tech,React,4.8,Mumbai
144,Parth Iyer,jasmitwali@example.net,MBA,React,2.6,Chennai
145,Nitesh Kurian,vmerchant@example.com,MCA,Communication,3.4,Pune
146,Upadhriti Borra,upkaarranganathan@example.net,B.Com,Java,0.5,Ahmedabad
147,Gautam Rana,lallajatin@example.com,BBA,Accounting,5.5,Pune
148,Adweta Raj,hritik37@example.org,BBA,Accounting,3.8,Kolkata
149,Timothy Bhatnagar,pmittal@example.com,M.Tech,Sales,0.1,Kolkata
150,Logan Bath,modiwaida@example.org,M.Tech,Sales,3.3,Hyderabad
151,Wahab Yogi,lipikasetty@example.com,BCA,React,5.9,Mumbai
152,Mohammed Sachdeva,surinikita@example.com,M.Sc,Customer Service,1.5,Mumbai
153,Kamala Kalla,psaxena@example.com,BBA,Communication,5.1,Hyderabad
154,Jhalak Parmer,raoanya@example.org,BBA,Communication,3.4,Noida
155,Suhani Chand,anshbedi@example.com,M.Tech,Customer Service,1.8,Ahmedabad
156,Jeremiah Jha,johaltarak@example.org,M.Tech,SQL,3.4,Bengaluru
157,Manbir Agate,maanav28@example.com,BCA,UI/UX Design,5.4,Mumbai
158,Imaran Bal,alexanderparmar@example.org,BBA,Power BI,4.8,Chennai
159,Amol Ghosh,charles26@example.net,BBA,Power BI,1.5,Pune
160,Devansh Soni,gpathak@example.net,B.Sc,Sales,3.9,Mumbai
161,Siya Thakur,calebverma@example.com,BCA,SQL,3.5,Pune
162,Azaan Bhat,bratti@example.net,B.Sc,Digital Marketing,2.0,Ahmedabad
163,Vritti Sawhney,buchekanta@example.net,B.Com,Excel,0.8,Jaipur
164,Dominic Date,ekta69@example.net,MBA,Data Analysis,3.0,Mumbai
165,Sudiksha Tiwari,ychaudhary@example.net,B.Com,Digital Marketing,5.5,Kolkata
166,Tanveer Sani,akari@example.com,M.Tech,Customer Service,5.2,Hyderabad
167,Mohini Sagar,munshiprisha@example.com,BCA,Python,0.8,Chennai
168,Kavya Dua,fbhavsar@example.org,M.Sc,UI/UX Design,4.8,Delhi NCR
169,Rachana Char,kalpit80@example.net,B.Sc,Cloud Computing,2.4,Mumbai
170,Jason Roy,pallavi04@example.net,MCA,Python,2.7,Mumbai
171,Indira Chawla,mohammedsubramaniam@example.org,M.Sc,UI/UX Design,3.8,Delhi NCR
172,Inaya Pillai,mallickupkaar@example.com,B.Sc,Sales,1.4,Bengaluru
173,Amara Balakrishnan,anjalimore@example.com,MCA,React,5.5,Chennai
174,Abeer Golla,nandiniboase@example.org,B.Sc,Sales,4.9,Mumbai
175,Gavin Wali,krishasaini@example.com,M.Sc,Python,0.8,Bengaluru
176,Nakul Pingle,ekta99@example.org,M.Tech,Accounting,0.7,Chennai
177,Nachiket Dugar,bumbanita@example.com,MCA,Java,2.3,Delhi NCR
178,Vedika Sathe,nmahajan@example.net,MCA,Communication,3.5,Pune
179,Hemani Sani,mandervidhi@example.net,M.Sc,Sales,0.6,Kolkata
180,Chakradev Kannan,abhakta@example.org,M.Sc,Digital Marketing,0.2,Delhi NCR
181,Siddharth Devan,bimala51@example.org,BBA,Accounting,2.7,Chennai
182,Qushi Gill,lajitawalia@example.net,MBA,Python,5.9,Delhi NCR
183,Xiti Pandya,ranganathanbrijesh@example.com,MCA,Sales,2.2,Ahmedabad
184,Tripti Brahmbhatt,pushti96@example.net,M.Tech,Excel,5.8,Kolkata
185,Bimala Contractor,ubail@example.org,B.Sc,Sales,1.3,Noida
186,Janaki Chakrabarti,pcherian@example.com,B.Tech,SQL,4.7,Chennai
187,Farhan Randhawa,harinakshi35@example.org,B.Com,Cloud Computing,3.4,Hyderabad
188,Yashvi Comar,ikshitapanchal@example.net,MCA,Excel,3.5,Chennai
189,Warinder Chauhan,aahanahora@example.org,MBA,Cloud Computing,0.9,Noida
190,Faqid Goel,wshetty@example.net,B.Tech,Digital Marketing,5.2,Pune
191,Ekantika Mutti,riabir@example.com,B.Com,Data Analysis,1.5,Pune
192,Chavvi Maharaj,pandeyyashica@example.org,B.Sc,Sales,5.2,Pune
193,Triya Seth,bhandarijyoti@example.com,B.Tech,React,4.7,Chennai
194,Gautam Tripathi,lshere@example.net,MBA,SQL,1.0,Bengaluru
195,Shivani Guha,vamakshi82@example.org,B.Com,Customer Service,2.5,Hyderabad
196,Harshil Oza,thamanorinder@example.org,B.Sc,Accounting,2.7,Delhi NCR
197,Raksha Sarna,janujapradhan@example.com,MCA,Power BI,0.7,Jaipur
198,Nilima Nigam,nattdominic@example.com,BBA,Power BI,0.3,Jaipur
199,Libni Mander,mason51@example.net,M.Tech,Accounting,3.9,Bengaluru
200,Inaya Mukherjee,mdayal@example.net,B.Tech,Accounting,5.1,Ahmedabad
201,Dayita Puri,joshua81@example.net,B.Sc,Accounting,4.3,Kolkata
202,Yashoda Pathak,patildayamai@example.org,B.Sc,Python,1.9,Pune
203,Harita Sunder,upkaardevan@example.org,B.Sc,Java,1.7,Noida
204,Chakrika Chaudhuri,nayarkaran@example.net,MCA,Customer Service,2.0,Noida
205,Mitesh Gaba,noahsarma@example.org,MCA,Digital Marketing,2.7,Noida
206,Janya Khanna,wmane@example.net,M.Sc,Python,4.8,Hyderabad
207,Vivaan Walla,dayamaisingh@example.org,MCA,Customer Service,5.2,Ahmedabad
208,Ridhi Shenoy,lavanya88@example.com,BCA,Excel,2.5,Kolkata
209,Ryan Devi,charles75@example.net,M.Sc,Communication,4.4,Delhi NCR
210,Zaitra Dash,fiyaz24@example.com,M.Sc,React,4.0,Delhi NCR
211,Rajeshri Chand,shravyapalla@example.org,B.Com,Sales,5.5,Hyderabad
212,Chatresh Randhawa,warinder61@example.com,B.Sc,UI/UX Design,0.5,Ahmedabad
213,Ayaan Nagar,nayakmadhav@example.org,B.Sc,Customer Service,4.4,Pune
214,Bhavini Sodhi,upasnasen@example.net,MCA,SQL,3.5,Jaipur
215,Fariq Bahl,tanveer28@example.net,MCA,React,4.0,Ahmedabad
216,Indrajit Mani,charvidara@example.org,MBA,UI/UX Design,4.0,Ahmedabad
217,Oni Shankar,choudhryxalak@example.net,B.Tech,Digital Marketing,3.6,Delhi NCR
218,Yutika Khurana,bishakhasanghvi@example.org,B.Sc,Power BI,3.0,Pune
219,Wridesh Saha,frederickviswanathan@example.com,BCA,Excel,5.1,Delhi NCR
220,Yashica Tripathi,ramakrishnanupma@example.org,MCA,React,0.7,Mumbai
221,Kashvi Kulkarni,parikhekansh@example.com,BBA,Cloud Computing,2.6,Jaipur
222,Hemang Natarajan,chaitanyapandey@example.net,MCA,SQL,3.7,Mumbai
223,Parth Shetty,zgopal@example.org,B.Tech,Java,1.6,Mumbai
224,Tanvi Bansal,saksham03@example.org,MBA,React,0.0,Pune
225,Dayita Varma,qsolanki@example.org,M.Sc,Python,0.9,Bengaluru
226,Bhavika Parikh,narulaanjali@example.org,B.Sc,Customer Service,3.2,Ahmedabad
227,Rajeshri Ratta,vraju@example.org,M.Sc,Accounting,2.0,Delhi NCR
228,Widisha Pillai,fitan61@example.com,M.Tech,Customer Service,1.9,Noida
229,Chaaya Nagi,buchfalak@example.net,B.Sc,SQL,0.9,Noida
230,Damini Sehgal,sganesan@example.com,B.Tech,Sales,0.5,Kolkata
231,Sanya Basak,radhika40@example.org,M.Sc,Accounting,3.6,Ahmedabad
232,Januja Varghese,azaandhar@example.net,M.Tech,Excel,4.5,Hyderabad
233,Bakhshi Date,keerjeevika@example.com,MBA,Communication,0.7,Noida
234,Bachittar Dube,xprabhakar@example.com,BCA,Data Analysis,4.0,Bengaluru
235,Laksh Wagle,mitali54@example.org,BBA,Communication,5.9,Bengaluru
236,Atharv Grewal,yvasa@example.net,B.Tech,Excel,1.8,Chennai
237,Adweta Lad,nkala@example.com,B.Com,Cloud Computing,1.5,Delhi NCR
238,Ryan Das,ethanseth@example.org,B.Sc,SQL,3.0,Ahmedabad
239,Gagan Nagarajan,dhruv88@example.com,B.Com,Java,2.3,Chennai
240,Nakul Ghosh,yashoda31@example.org,MCA,Data Analysis,5.0,Delhi NCR
241,Warjas Tak,pateljyoti@example.com,B.Sc,Communication,5.2,Bengaluru
242,Gabriel Bhatti,mitali78@example.com,M.Sc,SQL,2.8,Hyderabad
243,Ethan Dass,ethan77@example.net,MBA,Power BI,2.6,Ahmedabad
244,Kabir Gopal,rachitathakkar@example.org,M.Sc,Digital Marketing,0.7,Bengaluru
245,Zarna Dua,nitesh25@example.net,MBA,Java,4.8,Noida
246,Hiral Venkataraman,farhan43@example.net,BCA,UI/UX Design,4.1,Delhi NCR
247,Jeremiah Mitter,thakkarom@example.net,B.Sc,Communication,5.1,Chennai
248,Onveer Nazareth,balakrishnanfinn@example.org,M.Sc,Power BI,2.4,Hyderabad
249,Shivansh Saha,tankbimala@example.net,M.Sc,UI/UX Design,1.9,Delhi NCR
250,Vasudha Konda,dmishra@example.org,BBA,React,4.7,Hyderabad
251,Nakul Sarraf,dsule@example.org,MCA,Sales,0.7,Jaipur
252,Maanas Munshi,hemani62@example.com,BBA,Cloud Computing,2.1,Pune
253,Eiravati Khurana,rdas@example.com,BBA,Python,0.9,Chennai
254,Lohit Chatterjee,mannanleena@example.net,B.Com,Power BI,0.9,Hyderabad
255,Yuvraj Dutta,dhriti32@example.com,B.Com,Cloud Computing,3.8,Kolkata
256,Wishi Morar,fbajaj@example.com,BCA,Sales,5.5,Noida
257,Wridesh Kale,chanakya04@example.com,MBA,UI/UX Design,5.8,Delhi NCR
258,Bhavika Yadav,chokshiraagini@example.org,B.Com,Accounting,0.4,Kolkata
259,Jasmit Rau,chakradev60@example.net,M.Tech,Cloud Computing,1.6,Bengaluru
260,Janani Mani,rajuyamini@example.com,MBA,Data Analysis,0.4,Kolkata
261,Jagat Dave,rameshkashvi@example.com,BCA,SQL,0.3,Mumbai
262,Maanas Issac,ctella@example.org,B.Sc,Sales,5.2,Hyderabad
263,Laksh Nath,dvenkataraman@example.org,MCA,Communication,2.8,Jaipur
264,Falak Nagar,mayamistry@example.net,B.Tech,Accounting,5.5,Noida
265,Yashica Upadhyay,emistry@example.org,BBA,React,3.6,Jaipur
266,Garima Choudhary,ymorar@example.net,B.Com,SQL,2.7,Delhi NCR
267,Urvi Lanka,charansrinivasan@example.org,B.Sc,Data Analysis,3.9,Bengaluru
268,Manbir Kibe,choudharyrayaan@example.org,BBA,Customer Service,2.6,Kolkata
269,Dipta Sahota,nitarajani@example.com,MCA,Data Analysis,3.7,Delhi NCR
270,David Devi,ektasridhar@example.net,MBA,Digital Marketing,2.3,Delhi NCR
271,Dipta Ghose,vwalia@example.net,B.Tech,Cloud Computing,3.8,Delhi NCR
272,Aishani Sule,yatinmallick@example.net,B.Sc,React,0.6,Ahmedabad
273,Umang Mishra,sarthak75@example.com,M.Tech,Digital Marketing,4.3,Noida
274,Anusha Mani,raghavanmegha@example.com,B.Com,React,0.5,Pune
275,Bina Basak,farhan57@example.net,MBA,Digital Marketing,5.8,Ahmedabad
276,Varenya Kala,anikamagar@example.org,B.Com,Power BI,4.3,Hyderabad
277,Wriddhish Kibe,waliupkaar@example.net,M.Tech,Data Analysis,2.3,Delhi NCR
278,Charles Chaudhry,tnarayanan@example.com,B.Com,Sales,4.2,Jaipur
279,Laksh Ahluwalia,niharikasoni@example.com,B.Sc,Sales,4.0,Jaipur
280,Bhavna Nagi,daniel19@example.org,MBA,SQL,2.2,Pune
281,Parth Sahni,balhaarranganathan@example.com,BBA,React,5.7,Kolkata
282,Bimala Barad,misrahredhaan@example.com,BBA,Excel,6.0,Pune
283,Suhani Viswanathan,gdesai@example.com,B.Sc,Digital Marketing,5.1,Hyderabad
284,Reyansh Chowdhury,nicholas74@example.net,MCA,Cloud Computing,3.2,Jaipur
285,Akshay Nazareth,reyansh29@example.net,B.Tech,Sales,2.0,Noida
286,Prisha Varma,gabriel61@example.org,B.Com,Power BI,2.3,Pune
287,Vansha Naik,abeerlal@example.com,B.Com,UI/UX Design,4.2,Noida
288,Sanya Loke,chasmum99@example.org,B.Com,Customer Service,2.6,Ahmedabad
289,Jagvi Keer,daniudyati@example.com,MBA,Sales,4.3,Kolkata
290,Nidra Thakkar,jacob45@example.net,M.Tech,Cloud Computing,4.5,Kolkata
291,Theodore Deol,ddua@example.net,BBA,Data Analysis,1.4,Kolkata
292,Ojasvi Sinha,yugbumb@example.net,BBA,React,4.1,Noida
293,Janaki Brahmbhatt,bhatiayashasvi@example.org,BCA,Accounting,4.6,Ahmedabad
294,Nitesh Narang,rdada@example.org,MCA,Data Analysis,2.5,Pune
295,Gavin Uppal,dbhakta@example.org,BBA,Cloud Computing,3.6,Mumbai
296,Tanmayi Bhardwaj,umorar@example.org,B.Tech,Sales,2.9,Delhi NCR
297,Aachal Aggarwal,elijahbath@example.com,MCA,Python,4.3,Jaipur
298,Devansh Bhasin,sodhiazad@example.com,B.Sc,Digital Marketing,0.5,Pune
299,Pranit Deshmukh,yprasad@example.com,M.Tech,Accounting,5.4,Pune
300,Keya Buch,ijayadani@example.org,M.Sc,Python,5.7,Chennai
301,Joshua Kapoor,bajajchanchal@example.com,BCA,React,5.6,Ahmedabad
302,Ladli Karpe,trivenipal@example.org,B.Tech,Communication,3.0,Chennai
303,Ranbir Chowdhury,sainiamol@example.org,M.Sc,Python,2.2,Bengaluru
304,Ekalinga Chaudhuri,sekhonchanakya@example.org,MBA,Python,5.0,Delhi NCR
305,Neelima Sarna,teerthbhalla@example.org,B.Com,Java,0.2,Kolkata
306,Vivaan Nagar,warjas42@example.net,B.Com,Cloud Computing,4.2,Kolkata
307,Odika Mital,darsh89@example.net,B.Tech,Python,0.1,Chennai
308,Prisha Tandon,padmanabhanlakshmi@example.net,B.Com,Data Analysis,5.6,Noida
309,Omaja Rege,charitapuri@example.org,MCA,Communication,0.7,Mumbai
310,Wridesh Kar,maanas70@example.net,BBA,Digital Marketing,0.7,Chennai
311,Omaja Wagle,lipikakibe@example.com,M.Sc,Sales,4.8,Kolkata
312,Ganga Brar,fprabhakar@example.net,B.Sc,Python,5.0,Kolkata
313,Charan Loyal,ebaral@example.org,MCA,SQL,3.8,Noida
314,Varenya Joshi,chavvi03@example.org,BBA,Customer Service,0.9,Ahmedabad
315,Varenya Kibe,mekhalakhatri@example.net,B.Tech,Power BI,2.1,Noida
316,Barkha Rai,pwalla@example.com,M.Sc,Java,4.0,Hyderabad
317,Advika Parsa,gshukla@example.net,MCA,React,0.4,Jaipur
318,Ekaja Jani,dhriti60@example.net,MCA,Data Analysis,4.7,Jaipur
319,Madhav Babu,omisha42@example.org,MCA,SQL,2.3,Kolkata
320,Victor Raghavan,xalaknazareth@example.com,B.Tech,Sales,2.3,Delhi NCR
321,Vritti Sharma,indiragara@example.org,M.Tech,Customer Service,0.1,Hyderabad
322,Qarin Bhargava,bordechanakya@example.org,MBA,Excel,4.4,Hyderabad
323,Laksh Kashyap,doraaditya@example.org,MBA,Java,0.3,Jaipur
324,Kashvi Bhasin,bsura@example.org,MBA,UI/UX Design,3.9,Kolkata
325,Advik Badal,bhavini08@example.net,BCA,Sales,1.1,Pune
326,Praneel Chhabra,viswanathanmanthan@example.org,B.Sc,Customer Service,4.7,Kolkata
327,Zayyan Pandya,mekhala15@example.com,B.Tech,Digital Marketing,1.2,Chennai
328,Yagnesh Kara,faris01@example.com,B.Tech,React,5.6,Jaipur
329,Krishna Soni,andraonveer@example.org,M.Sc,UI/UX Design,3.3,Mumbai
330,Radha Narula,wablebrijesh@example.org,B.Tech,Cloud Computing,3.9,Mumbai
331,Vaishnavi Madan,bordeavni@example.net,MBA,UI/UX Design,4.7,Delhi NCR
332,Praneel Murty,johalmaanas@example.net,M.Tech,Python,4.8,Ahmedabad
333,Faraj Mistry,wrideshramachandran@example.net,M.Sc,Customer Service,2.6,Ahmedabad
334,Leena Dey,tellahiral@example.org,MBA,Java,3.0,Kolkata
335,Rajeshri Kata,oakmekhala@example.com,MBA,Cloud Computing,3.1,Hyderabad
336,Anjali Seshadri,wkari@example.net,M.Sc,Python,2.6,Pune
337,Rachana Grewal,xchada@example.net,MCA,Digital Marketing,1.9,Hyderabad
338,Yatin Borah,loyalmitesh@example.com,MBA,Sales,1.8,Kolkata
339,Lopa Nadig,hredhaan10@example.com,M.Sc,Java,4.1,Delhi NCR
340,Jagvi Madan,deogagan@example.org,BCA,SQL,4.4,Delhi NCR
341,Saumya Vala,bchauhan@example.org,M.Sc,Digital Marketing,3.8,Bengaluru
342,Girik Nair,sarora@example.com,B.Sc,Sales,3.8,Delhi NCR
343,Frado Kibe,lajitagara@example.org,MCA,Cloud Computing,4.5,Pune
344,Charvi Loyal,edhingra@example.org,B.Tech,Java,5.1,Kolkata
345,Anya Sama,veda15@example.com,B.Tech,Java,0.4,Delhi NCR
346,Warhi Hayre,ichhabra@example.com,MBA,Communication,5.7,Bengaluru
347,Meghana Natarajan,cnarayan@example.com,B.Com,Sales,2.7,Delhi NCR
348,Laban Mital,sai75@example.org,MBA,Accounting,4.6,Noida
349,Eiravati Manne,ukibe@example.com,B.Com,Data Analysis,2.2,Delhi NCR
350,Maya Patla,iyengarpranit@example.net,M.Tech,Excel,5.8,Bengaluru
351,Triya Kadakia,smanne@example.org,B.Com,Accounting,3.1,Jaipur
352,Xalak Dewan,wyatt42@example.net,B.Sc,Digital Marketing,4.6,Kolkata
353,Krishna Borah,lsrinivas@example.com,BBA,Power BI,1.7,Kolkata
354,Balhaar Parsa,choprayuvraj@example.net,BBA,Python,0.8,Hyderabad
355,Ojas Basu,ynarula@example.com,BCA,Java,5.4,Kolkata
356,Advaith Chaudhari,tristan88@example.net,B.Sc,Cloud Computing,4.1,Delhi NCR
357,Sanaya Prasad,xsheth@example.net,MBA,Customer Service,0.4,Jaipur
358,Hemani Bakshi,scheema@example.com,M.Tech,Digital Marketing,5.1,Pune
359,Jack Dhar,devika57@example.org,MBA,Data Analysis,1.3,Chennai
360,Ijaya Soni,sarmasneha@example.com,B.Com,Excel,4.7,Bengaluru
361,Charita Basu,bajajhemal@example.net,MBA,Data Analysis,3.4,Kolkata
362,Nitesh Kohli,nathanielnarayanan@example.net,MCA,Java,3.7,Hyderabad
363,Turvi Kata,lgour@example.net,B.Sc,Digital Marketing,2.4,Kolkata
364,Meghana Balakrishnan,shivanisanghvi@example.com,MCA,Communication,4.6,Noida
365,Tanish Jha,dev91@example.net,B.Sc,Java,5.8,Hyderabad
366,Jasmit Nanda,tanvicomar@example.com,BCA,Accounting,4.1,Delhi NCR
367,Dhriti Rama,wcomar@example.com,B.Com,UI/UX Design,4.7,Noida
368,Orinder Mishra,desaidhriti@example.org,B.Com,Cloud Computing,5.8,Ahmedabad
369,Dalaja Dada,kashvidhaliwal@example.net,MCA,UI/UX Design,0.3,Hyderabad
370,Omya Devi,lsampath@example.com,MCA,Java,1.8,Pune
371,Ojas Suri,logan25@example.com,MBA,Customer Service,1.4,Jaipur
372,Jagrati Andra,mdeshpande@example.com,M.Tech,UI/UX Design,0.5,Chennai
373,Nilima Swamy,fsawhney@example.org,MCA,Digital Marketing,0.8,Mumbai
374,Azaan Kannan,bachittar43@example.net,MCA,Python,3.0,Pune
375,Om Shankar,hvaidya@example.net,B.Com,Java,4.0,Noida
376,Amrita Peri,sastrytejas@example.com,MBA,UI/UX Design,5.5,Bengaluru
377,Yug Mishra,senguptaadya@example.com,B.Tech,Python,0.3,Noida
378,Reva Dalal,shauryapanchal@example.net,M.Tech,Sales,1.3,Noida
379,Noah Dewan,samuelbhargava@example.net,M.Sc,Power BI,3.8,Kolkata
380,Avni Yohannan,ekiyamaster@example.com,MCA,Digital Marketing,3.9,Mumbai
381,Yoshita Chandran,nishabhargava@example.com,BCA,Excel,4.8,Ahmedabad
382,Kevin Krish,ekantakota@example.net,M.Tech,Accounting,0.4,Bengaluru
383,Vrishti Dhar,oeshi67@example.org,B.Com,Accounting,2.5,Kolkata
384,Neha Varma,jyoti77@example.com,BBA,React,3.6,Delhi NCR
385,Girik Shanker,dev86@example.org,MBA,Customer Service,5.9,Delhi NCR
386,Siddharth Talwar,ekantika45@example.net,M.Sc,Java,4.6,Jaipur
387,Vedhika Oza,batrahardik@example.net,MCA,Python,1.9,Kolkata
388,Amol Dash,ridhishan@example.org,B.Sc,Digital Marketing,2.7,Pune
389,Samaksh Deo,nathan41@example.net,B.Sc,SQL,1.7,Ahmedabad
390,Zashil Butala,noah06@example.net,M.Sc,Excel,5.8,Pune
391,Vivaan Sanghvi,chandranaarav@example.org,MBA,Power BI,4.3,Chennai
392,Faras Deo,zilmilsaxena@example.org,B.Com,Accounting,6.0,Kolkata
393,Hemal Dara,edeo@example.org,BCA,Digital Marketing,3.0,Hyderabad
394,Leela Chakraborty,chauhandhriti@example.com,M.Sc,Data Analysis,2.7,Chennai
395,Laksh Raja,lukebiswas@example.net,BBA,Power BI,2.1,Bengaluru
396,Nitesh Sarraf,tanay26@example.net,M.Tech,Accounting,3.6,Kolkata
397,Teerth Chadha,deyjatin@example.net,M.Tech,Data Analysis,0.0,Hyderabad
398,Indali Sanghvi,logan34@example.net,M.Sc,Java,5.3,Delhi NCR
399,Yuvraj Mane,mitrasamesh@example.net,M.Sc,React,0.3,Bengaluru
400,Manya Merchant,khatriwarda@example.com,MCA,Excel,2.2,Mumbai
401,Wridesh Tata,wableadvik@example.com,B.Sc,Communication,3.0,Jaipur
402,Kevin Ram,ipau@example.net,M.Tech,UI/UX Design,5.9,Noida
403,Urishilla Bora,birakshay@example.com,B.Sc,Java,5.9,Ahmedabad
404,Balveer Bhasin,stoor@example.net,MBA,Cloud Computing,5.9,Jaipur
405,Pallavi Ratti,yadavmichael@example.com,MBA,Cloud Computing,0.9,Noida
406,Dayita Brar,nachiketyadav@example.com,MCA,Communication,3.0,Bengaluru
407,Dominic Mukherjee,dkhare@example.org,B.Tech,Java,4.3,Kolkata
408,Radha D’Alia,tbhakta@example.net,MCA,Accounting,0.9,Jaipur
409,Jagdish Arora,advaygade@example.com,B.Com,React,5.6,Delhi NCR
410,Zansi Lad,kamyadate@example.net,B.Com,Communication,5.9,Mumbai
411,Jacob Balan,pushti48@example.org,MBA,Data Analysis,5.0,Jaipur
412,Faraj Taneja,xvaidya@example.org,BCA,Customer Service,3.4,Kolkata
413,Ojas Pillai,aadhyachauhan@example.net,B.Tech,React,2.0,Hyderabad
414,Vedant Upadhyay,basuadvik@example.org,M.Sc,Power BI,1.8,Bengaluru
415,Urmi Patla,ldoctor@example.org,BCA,Digital Marketing,5.8,Noida
416,Udarsh Nagy,omajanagarajan@example.com,BBA,Customer Service,0.3,Kolkata
417,Kashish Dar,golaudant@example.net,B.Com,Data Analysis,3.8,Noida
418,Nandini Biswas,xmandal@example.com,M.Sc,Java,4.9,Chennai
419,Gabriel Shan,pillaysai@example.com,B.Tech,Power BI,5.7,Hyderabad
420,Xavier Shetty,wakeeta38@example.org,BBA,SQL,2.6,Ahmedabad
421,Abeer Rout,kaulhiral@example.net,B.Com,Communication,4.1,Ahmedabad
422,Gautami Agarwal,gmohanty@example.org,MCA,Cloud Computing,3.7,Kolkata
423,Oni Swamy,dharati@example.org,B.Tech,Customer Service,0.8,Chennai
424,Vincent Venkatesh,dpradhan@example.net,MCA,React,6.0,Kolkata
425,Girish Tiwari,meeraborde@example.net,MCA,Communication,1.9,Pune
426,Radhika De,bishakhalal@example.com,BCA,Data Analysis,2.1,Delhi NCR
427,Eta Nadkarni,omagar@example.org,M.Tech,Power BI,2.9,Chennai
428,Laban Chopra,hiteshgala@example.com,M.Tech,Data Analysis,1.8,Mumbai
429,Dipta Ray,wasonishita@example.org,M.Tech,Customer Service,1.2,Kolkata
430,Darika Sheth,jagdish12@example.net,MBA,Accounting,2.1,Mumbai
431,Banjeet Kale,manbir13@example.com,M.Tech,Python,3.4,Jaipur
432,Yochana Bawa,abha20@example.com,M.Sc,Communication,4.9,Pune
433,Zaid Chandra,zchaudry@example.org,M.Tech,SQL,1.7,Hyderabad
434,Advik Bhatia,kalpithora@example.com,MBA,Accounting,3.9,Kolkata
435,Frado Lad,bainsdhruv@example.org,BBA,Excel,5.0,Mumbai
436,Kabir Chanda,jason07@example.org,MCA,Customer Service,1.6,Hyderabad
437,Rachita Rana,ybalan@example.net,BBA,Excel,0.3,Jaipur
438,Orinder Pandya,rachitmaharaj@example.com,BBA,Sales,1.4,Hyderabad
439,Manthan Banerjee,chakrikatara@example.com,M.Sc,React,4.3,Hyderabad
440,Darsh Chahal,leela26@example.org,B.Com,SQL,5.8,Pune
441,Anirudh Raja,varsha87@example.com,M.Sc,Sales,5.6,Kolkata
442,Lipika Madan,atharvnagar@example.net,BCA,Sales,1.2,Mumbai
443,Ayushman Mand,sodhiishita@example.net,MBA,Digital Marketing,3.9,Hyderabad
444,Nathaniel Chaudhry,wrideshlata@example.net,BBA,Data Analysis,4.4,Bengaluru
445,Theodore Rama,oscar23@example.net,B.Com,Communication,5.3,Pune
446,Jagrati Bala,lucky93@example.com,B.Tech,UI/UX Design,2.4,Kolkata
447,Parth Swaminathan,chanadaksh@example.org,B.Com,Customer Service,5.8,Mumbai
448,Anmol Vyas,vacharya@example.net,B.Tech,SQL,1.8,Noida
449,Kalpit Oak,ekiyabhargava@example.org,B.Sc,React,1.7,Jaipur
450,Lucky Choudhry,elijah56@example.net,MCA,Accounting,5.3,Pune
