application_id,applicant_id,job_id,applied_date,current_stage,final_status
1,1,60,2026-04-05,Rejected,Rejected
2,1,35,2025-02-13,Rejected,Rejected
3,1,25,2025-10-13,Rejected,Rejected
4,2,52,2026-04-15,Rejected,Rejected
5,2,55,2025-04-27,Applied,In Progress
6,3,32,2025-03-19,Rejected,Rejected
7,4,39,2025-05-07,Rejected,Rejected
8,4,2,2025-05-27,Rejected,Rejected
9,4,34,2026-06-21,Rejected,Rejected
10,4,47,2025-11-17,Applied,In Progress
11,5,48,2025-05-16,Rejected,Rejected
12,6,11,2025-10-08,Rejected,Rejected
13,6,68,2025-05-14,Withdrawn,Withdrawn
14,7,67,2025-12-02,Rejected,Rejected
15,8,66,2025-04-10,Withdrawn,Withdrawn
16,9,60,2026-03-28,Withdrawn,Withdrawn
17,10,10,2026-02-12,Rejected,Rejected
18,11,9,2025-04-04,Rejected,Rejected
19,11,61,2026-03-09,Applied,In Progress
20,11,5,2025-07-14,Withdrawn,Withdrawn
21,11,37,2025-03-12,Rejected,Rejected
22,12,29,2026-04-14,Rejected,Rejected
23,12,1,2026-01-30,Rejected,Rejected
24,13,25,2025-10-22,Withdrawn,Withdrawn
25,14,9,2025-03-15,Rejected,Rejected
26,15,6,2025-07-20,Rejected,Rejected
27,16,38,2026-06-19,Rejected,Rejected
28,16,30,2026-02-08,Rejected,Rejected
29,17,36,2026-06-18,Hired,Hired
30,17,8,2025-03-30,Rejected,Rejected
31,18,41,2025-04-03,Rejected,Rejected
32,18,54,2025-02-27,Withdrawn,Withdrawn
33,18,53,2025-03-04,Applied,In Progress
34,19,50,2025-04-21,Rejected,Rejected
35,19,32,2025-05-12,Rejected,Rejected
36,20,49,2026-01-30,Rejected,Rejected
37,21,27,2026-06-03,Rejected,Rejected
38,22,16,2025-05-20,Hired,Hired
39,22,62,2025-11-05,Rejected,Rejected
40,22,32,2025-05-14,Rejected,Rejected
41,22,27,2026-05-26,Rejected,Rejected
42,23,3,2025-08-03,Rejected,Rejected
43,23,34,2026-06-13,Withdrawn,Withdrawn
44,23,54,2025-04-01,Withdrawn,Withdrawn
45,24,46,2025-12-22,Rejected,Rejected
46,24,22,2026-06-29,Rejected,Rejected
47,24,18,2025-09-09,Rejected,Rejected
48,25,20,2025-09-04,Rejected,Rejected
49,26,62,2025-09-26,Rejected,Rejected
50,26,63,2025-12-21,Rejected,Rejected
51,27,56,2025-09-06,Hired,Hired
52,27,23,2025-12-02,Withdrawn,Withdrawn
53,28,29,2026-04-09,Withdrawn,Withdrawn
54,28,39,2025-04-17,Rejected,Rejected
55,29,11,2025-10-21,Rejected,Rejected
56,29,64,2025-05-12,Hired,Hired
57,29,56,2025-10-13,Hired,Hired
58,30,27,2026-06-19,Rejected,Rejected
59,31,31,2026-05-11,Withdrawn,Withdrawn
60,32,11,2025-10-12,Rejected,Rejected
61,33,44,2025-03-18,Rejected,Rejected
62,33,51,2025-06-18,Hired,Hired
63,33,42,2025-11-23,Rejected,Rejected
64,34,49,2026-02-01,Rejected,Rejected
65,35,1,2026-03-04,Rejected,Rejected
66,36,24,2025-10-08,Rejected,Rejected
67,37,46,2025-12-11,Rejected,Rejected
68,38,53,2025-03-02,Rejected,Rejected
69,39,49,2025-12-28,Rejected,Rejected
70,40,22,2026-06-28,Rejected,Rejected
71,41,32,2025-04-26,Rejected,Rejected
72,41,64,2025-04-29,Hired,Hired
73,42,18,2025-08-12,Rejected,Rejected
74,42,39,2025-04-04,Applied,In Progress
75,43,63,2026-01-25,Rejected,Rejected
76,44,26,2025-04-17,Applied,In Progress
77,45,4,2025-10-26,Rejected,Rejected
78,45,60,2026-03-28,Rejected,Rejected
79,46,55,2025-04-20,Rejected,Rejected
80,46,49,2026-01-21,Rejected,Rejected
81,47,47,2025-11-09,Rejected,Rejected
82,47,69,2026-03-28,Applied,In Progress
83,47,11,2025-10-21,Rejected,Rejected
84,48,34,2026-05-22,Rejected,Rejected
85,49,51,2025-07-02,Rejected,Rejected
86,49,60,2026-03-15,Rejected,Rejected
87,50,19,2026-06-06,Rejected,Rejected
88,50,45,2025-04-11,Rejected,Rejected
89,50,40,2025-05-23,Rejected,Rejected
90,51,44,2025-04-27,Rejected,Rejected
91,52,21,2026-07-01,Applied,In Progress
92,52,43,2026-06-04,Rejected,Rejected
93,53,26,2025-04-17,Rejected,Rejected
94,53,58,2025-05-08,Rejected,Rejected
95,54,26,2025-03-18,Rejected,Rejected
96,54,59,2026-05-25,Rejected,Rejected
97,55,59,2026-05-26,Rejected,Rejected
98,56,11,2025-09-25,Rejected,Rejected
99,56,18,2025-08-24,Rejected,Rejected
100,56,41,2025-04-21,Rejected,Rejected
101,56,16,2025-05-30,Rejected,Rejected
102,57,58,2025-05-30,Rejected,Rejected
103,58,50,2025-05-10,Rejected,Rejected
104,59,57,2025-12-17,Rejected,Rejected
105,59,63,2025-12-22,Rejected,Rejected
106,60,64,2025-06-04,Rejected,Rejected
107,60,66,2025-05-04,Rejected,Rejected
108,60,15,2025-05-04,Rejected,Rejected
109,61,12,2026-03-13,Withdrawn,Withdrawn
110,62,55,2025-05-25,Rejected,Rejected
111,62,22,2026-06-29,Rejected,Rejected
112,63,38,2026-06-17,Rejected,Rejected
113,64,53,2025-03-22,Withdrawn,Withdrawn
114,64,8,2025-03-24,Rejected,Rejected
115,64,36,2026-06-07,Rejected,Rejected
116,64,17,2026-06-14,Rejected,Rejected
117,65,12,2026-04-08,Rejected,Rejected
118,65,59,2026-05-14,Withdrawn,Withdrawn
119,65,46,2025-12-12,Rejected,Rejected
120,66,59,2026-04-18,Rejected,Rejected
121,67,55,2025-04-28,Applied,In Progress
122,68,39,2025-03-29,Rejected,Rejected
123,68,21,2026-06-30,Rejected,Rejected
124,68,36,2026-06-10,Rejected,Rejected
125,69,29,2026-03-30,Rejected,Rejected
126,70,55,2025-04-30,Rejected,Rejected
127,70,17,2026-06-17,Rejected,Rejected
128,70,62,2025-11-13,Withdrawn,Withdrawn
129,70,10,2026-03-18,Rejected,Rejected
130,71,28,2026-04-20,Rejected,Rejected
131,71,20,2025-10-31,Rejected,Rejected
132,72,55,2025-06-05,Rejected,Rejected
133,72,41,2025-04-09,Rejected,Rejected
134,73,4,2025-09-29,Rejected,Rejected
135,73,39,2025-05-04,Rejected,Rejected
136,73,27,2026-05-20,Rejected,Rejected
137,74,2,2025-07-06,Rejected,Rejected
138,74,47,2025-11-26,Rejected,Rejected
139,75,2,2025-05-21,Rejected,Rejected
140,75,34,2026-05-26,Rejected,Rejected
141,76,69,2026-03-26,Rejected,Rejected
142,77,27,2026-06-16,Rejected,Rejected
143,77,20,2025-09-23,Rejected,Rejected
144,78,15,2025-06-09,Rejected,Rejected
145,78,59,2026-05-31,Rejected,Rejected
146,78,8,2025-04-01,Rejected,Rejected
147,78,40,2025-06-19,Rejected,Rejected
148,79,35,2025-01-19,Rejected,Rejected
149,79,68,2025-06-12,Rejected,Rejected
150,79,9,2025-04-01,Rejected,Rejected
151,80,66,2025-03-13,Rejected,Rejected
152,81,50,2025-04-16,Hired,Hired
153,81,20,2025-09-18,Rejected,Rejected
154,82,10,2026-03-18,Rejected,Rejected
155,83,67,2025-11-06,Applied,In Progress
156,84,37,2025-03-09,Rejected,Rejected
157,84,40,2025-06-08,Rejected,Rejected
158,84,42,2025-12-25,Applied,In Progress
159,85,70,2026-03-17,Hired,Hired
160,85,32,2025-05-14,Rejected,Rejected
161,85,20,2025-10-28,Rejected,Rejected
162,86,8,2025-04-13,Rejected,Rejected
163,86,19,2026-06-11,Rejected,Rejected
164,87,51,2025-06-20,Rejected,Rejected
165,87,10,2026-02-28,Rejected,Rejected
166,88,35,2025-01-17,Rejected,Rejected
167,89,22,2026-06-28,Rejected,Rejected
168,90,27,2026-05-29,Withdrawn,Withdrawn
169,90,58,2025-05-29,Rejected,Rejected
170,90,40,2025-06-17,Rejected,Rejected
171,90,60,2026-02-16,Rejected,Rejected
172,91,32,2025-04-17,Rejected,Rejected
173,91,13,2025-04-26,Withdrawn,Withdrawn
174,92,11,2025-11-07,Withdrawn,Withdrawn
175,92,34,2026-05-13,Hired,Hired
176,93,56,2025-09-24,Rejected,Rejected
177,93,51,2025-05-31,Rejected,Rejected
178,93,64,2025-06-09,Rejected,Rejected
179,93,4,2025-08-30,Rejected,Rejected
180,94,68,2025-05-26,Rejected,Rejected
181,95,63,2026-02-16,Rejected,Rejected
182,95,45,2025-03-13,Rejected,Rejected
183,96,61,2026-03-19,Rejected,Rejected
184,97,31,2026-04-22,Rejected,Rejected
185,98,23,2025-12-23,Rejected,Rejected
186,98,31,2026-06-02,Rejected,Rejected
187,99,25,2025-09-27,Rejected,Rejected
188,99,64,2025-05-02,Rejected,Rejected
189,100,43,2026-06-04,Rejected,Rejected
190,100,26,2025-03-14,Rejected,Rejected
191,101,68,2025-06-03,Rejected,Rejected
192,101,47,2025-11-22,Rejected,Rejected
193,101,10,2026-04-01,Rejected,Rejected
194,102,46,2025-11-30,Rejected,Rejected
195,102,29,2026-03-08,Rejected,Rejected
196,102,23,2025-11-27,Rejected,Rejected
197,103,19,2026-06-07,Applied,In Progress
198,103,43,2026-05-24,Hired,Hired
199,103,10,2026-03-10,Rejected,Rejected
200,103,31,2026-04-27,Rejected,Rejected
201,104,57,2026-01-22,Rejected,Rejected
202,105,49,2026-02-09,Rejected,Rejected
203,105,13,2025-05-03,Rejected,Rejected
204,106,14,2026-02-03,Rejected,Rejected
205,107,12,2026-03-23,Applied,In Progress
206,107,44,2025-05-01,Rejected,Rejected
207,108,13,2025-05-14,Rejected,Rejected
208,109,70,2026-04-05,Rejected,Rejected
209,109,34,2026-06-30,Rejected,Rejected
210,109,37,2025-03-09,Rejected,Rejected
211,110,4,2025-09-09,Rejected,Rejected
212,111,40,2025-06-03,Hired,Hired
213,111,51,2025-06-06,Hired,Hired
214,111,61,2026-03-15,Rejected,Rejected
215,112,13,2025-04-28,Rejected,Rejected
216,113,50,2025-05-27,Rejected,Rejected
217,114,11,2025-11-06,Withdrawn,Withdrawn
218,114,51,2025-06-22,Rejected,Rejected
219,115,25,2025-08-29,Applied,In Progress
220,115,17,2026-06-09,Applied,In Progress
221,115,6,2025-07-04,Withdrawn,Withdrawn
222,115,55,2025-05-21,Rejected,Rejected
223,116,2,2025-06-27,Rejected,Rejected
224,116,67,2026-01-02,Rejected,Rejected
225,117,53,2025-03-19,Rejected,Rejected
226,117,34,2026-05-25,Rejected,Rejected
227,117,50,2025-04-07,Rejected,Rejected
228,118,61,2026-04-13,Rejected,Rejected
229,119,39,2025-05-16,Rejected,Rejected
230,119,40,2025-05-11,Rejected,Rejected
231,119,36,2026-05-31,Rejected,Rejected
232,120,53,2025-03-25,Rejected,Rejected
233,121,9,2025-04-03,Rejected,Rejected
234,121,40,2025-05-14,Rejected,Rejected
235,121,65,2026-03-25,Rejected,Rejected
236,122,60,2026-03-10,Rejected,Rejected
237,122,65,2026-04-15,Rejected,Rejected
238,123,21,2026-07-01,Rejected,Rejected
239,124,28,2026-04-16,Rejected,Rejected
240,125,53,2025-03-10,Rejected,Rejected
241,126,23,2025-12-24,Withdrawn,Withdrawn
242,126,2,2025-07-04,Rejected,Rejected
243,126,29,2026-03-10,Rejected,Rejected
244,126,33,2025-02-22,Rejected,Rejected
245,127,37,2025-04-16,Rejected,Rejected
246,127,39,2025-05-03,Rejected,Rejected
247,128,67,2025-12-22,Rejected,Rejected
248,129,18,2025-09-02,Rejected,Rejected
249,129,4,2025-09-20,Rejected,Rejected
250,130,29,2026-04-24,Hired,Hired
251,130,69,2026-03-03,Rejected,Rejected
252,130,61,2026-04-01,Withdrawn,Withdrawn
253,131,40,2025-06-22,Hired,Hired
254,131,54,2025-03-14,Rejected,Rejected
255,132,25,2025-08-31,Withdrawn,Withdrawn
256,132,65,2026-03-31,Applied,In Progress
257,133,59,2026-05-07,Withdrawn,Withdrawn
258,133,19,2026-06-05,Rejected,Rejected
259,134,22,2026-06-25,Rejected,Rejected
260,134,21,2026-07-01,Rejected,Rejected
261,134,63,2026-01-23,Rejected,Rejected
262,135,68,2025-06-23,Rejected,Rejected
263,135,25,2025-10-07,Withdrawn,Withdrawn
264,135,3,2025-08-04,Rejected,Rejected
265,136,67,2025-11-25,Rejected,Rejected
266,136,68,2025-06-02,Rejected,Rejected
267,137,17,2026-06-29,Rejected,Rejected
268,137,28,2026-03-17,Withdrawn,Withdrawn
269,137,3,2025-08-27,Rejected,Rejected
270,138,49,2026-01-22,Rejected,Rejected
271,138,16,2025-06-08,Rejected,Rejected
272,139,35,2025-01-29,Withdrawn,Withdrawn
273,139,18,2025-07-30,Rejected,Rejected
274,140,26,2025-03-29,Rejected,Rejected
275,140,46,2025-12-20,Hired,Hired
276,140,53,2025-04-05,Rejected,Rejected
277,141,12,2026-04-03,Rejected,Rejected
278,142,59,2026-05-03,Rejected,Rejected
279,142,38,2026-06-22,Withdrawn,Withdrawn
280,143,18,2025-09-03,Rejected,Rejected
281,144,12,2026-02-24,Rejected,Rejected
282,144,48,2025-06-12,Rejected,Rejected
283,144,44,2025-03-24,Rejected,Rejected
284,145,62,2025-11-15,Rejected,Rejected
285,146,4,2025-10-24,Rejected,Rejected
286,146,17,2026-06-13,Rejected,Rejected
287,146,62,2025-11-06,Withdrawn,Withdrawn
288,147,32,2025-04-10,Rejected,Rejected
289,147,62,2025-09-25,Rejected,Rejected
290,148,10,2026-02-25,Rejected,Rejected
291,148,63,2026-01-03,Rejected,Rejected
292,148,42,2025-12-17,Rejected,Rejected
293,149,16,2025-06-11,Rejected,Rejected
294,149,64,2025-06-03,Rejected,Rejected
295,150,27,2026-06-05,Withdrawn,Withdrawn
296,150,59,2026-05-17,Rejected,Rejected
297,150,44,2025-05-04,Rejected,Rejected
298,151,48,2025-04-22,Hired,Hired
299,151,14,2026-02-05,Rejected,Rejected
300,152,51,2025-06-28,Rejected,Rejected
301,152,28,2026-04-11,Hired,Hired
302,152,59,2026-04-17,Rejected,Rejected
303,152,25,2025-10-22,Rejected,Rejected
304,153,17,2026-06-17,Rejected,Rejected
305,153,14,2026-02-16,Rejected,Rejected
306,153,50,2025-05-26,Rejected,Rejected
307,154,41,2025-05-09,Rejected,Rejected
308,155,38,2026-06-07,Applied,In Progress
309,155,45,2025-03-23,Rejected,Rejected
310,156,62,2025-10-13,Withdrawn,Withdrawn
311,156,54,2025-02-21,Rejected,Rejected
312,156,69,2026-04-09,Rejected,Rejected
313,157,38,2026-06-01,Rejected,Rejected
314,157,27,2026-05-27,Rejected,Rejected
315,158,7,2025-10-28,Rejected,Rejected
316,158,49,2025-12-18,Rejected,Rejected
317,159,70,2026-04-04,Rejected,Rejected
318,159,26,2025-04-27,Rejected,Rejected
319,159,25,2025-09-28,Rejected,Rejected
320,160,60,2026-03-30,Hired,Hired
321,161,39,2025-05-13,Rejected,Rejected
322,161,63,2026-01-22,Rejected,Rejected
323,162,21,2026-07-01,Rejected,Rejected
324,162,54,2025-03-05,Rejected,Rejected
325,162,70,2026-04-16,Applied,In Progress
326,163,45,2025-04-09,Rejected,Rejected
327,164,42,2025-12-04,Rejected,Rejected
328,164,49,2026-01-19,Withdrawn,Withdrawn
329,164,15,2025-05-18,Rejected,Rejected
330,164,50,2025-04-05,Rejected,Rejected
331,165,55,2025-05-20,Withdrawn,Withdrawn
332,165,14,2026-02-08,Rejected,Rejected
333,165,27,2026-05-18,Rejected,Rejected
334,166,30,2026-02-10,Rejected,Rejected
335,167,3,2025-08-28,Rejected,Rejected
336,167,50,2025-05-23,Rejected,Rejected
337,168,39,2025-05-01,Rejected,Rejected
338,169,4,2025-09-30,Rejected,Rejected
339,169,61,2026-03-04,Applied,In Progress
340,169,21,2026-07-01,Rejected,Rejected
341,170,19,2026-05-16,Rejected,Rejected
342,170,16,2025-05-14,Rejected,Rejected
343,170,6,2025-07-08,Rejected,Rejected
344,171,33,2025-01-28,Rejected,Rejected
345,172,60,2026-03-27,Rejected,Rejected
346,172,10,2026-04-11,Rejected,Rejected
347,172,38,2026-06-05,Rejected,Rejected
348,173,43,2026-05-28,Rejected,Rejected
349,173,40,2025-05-30,Rejected,Rejected
350,174,56,2025-09-08,Rejected,Rejected
351,174,36,2026-06-02,Rejected,Rejected
352,174,47,2025-12-26,Rejected,Rejected
353,175,10,2026-03-28,Rejected,Rejected
354,176,52,2026-04-18,Rejected,Rejected
355,176,28,2026-03-16,Rejected,Rejected
356,176,5,2025-06-24,Rejected,Rejected
357,177,31,2026-05-23,Rejected,Rejected
358,177,22,2026-06-30,Rejected,Rejected
359,178,48,2025-05-04,Rejected,Rejected
360,179,59,2026-04-19,Applied,In Progress
361,179,6,2025-07-01,Rejected,Rejected
362,180,23,2025-12-27,Rejected,Rejected
363,180,49,2026-01-20,Rejected,Rejected
364,181,45,2025-05-01,Rejected,Rejected
365,181,63,2026-01-17,Rejected,Rejected
366,182,24,2025-09-21,Rejected,Rejected
367,183,43,2026-05-14,Rejected,Rejected
368,183,15,2025-04-29,Rejected,Rejected
369,184,66,2025-03-15,Hired,Hired
370,185,3,2025-08-13,Rejected,Rejected
371,185,37,2025-04-26,Rejected,Rejected
372,185,11,2025-09-26,Rejected,Rejected
373,185,28,2026-03-31,Rejected,Rejected
374,186,26,2025-04-13,Withdrawn,Withdrawn
375,187,5,2025-08-11,Rejected,Rejected
376,188,70,2026-04-12,Rejected,Rejected
377,188,1,2026-01-30,Rejected,Rejected
378,188,56,2025-10-07,Withdrawn,Withdrawn
379,188,67,2025-12-04,Rejected,Rejected
380,189,1,2026-02-17,Rejected,Rejected
381,190,27,2026-06-26,Withdrawn,Withdrawn
382,191,34,2026-06-04,Rejected,Rejected
383,191,69,2026-04-09,Rejected,Rejected
384,192,62,2025-10-11,Applied,In Progress
385,193,51,2025-06-30,Rejected,Rejected
386,194,21,2026-06-30,Rejected,Rejected
387,194,13,2025-05-03,Rejected,Rejected
388,195,61,2026-02-18,Rejected,Rejected
389,195,56,2025-10-16,Rejected,Rejected
390,195,12,2026-03-03,Rejected,Rejected
391,196,26,2025-03-29,Rejected,Rejected
392,196,67,2025-12-18,Rejected,Rejected
393,197,1,2026-01-08,Applied,In Progress
394,197,21,2026-07-01,Rejected,Rejected
395,198,9,2025-04-24,Withdrawn,Withdrawn
396,198,12,2026-02-25,Rejected,Rejected
397,198,37,2025-03-15,Rejected,Rejected
398,199,15,2025-06-18,Rejected,Rejected
399,200,49,2026-02-05,Rejected,Rejected
400,200,62,2025-11-21,Rejected,Rejected
401,201,29,2026-04-09,Rejected,Rejected
402,202,34,2026-05-23,Rejected,Rejected
403,203,23,2025-12-16,Rejected,Rejected
404,204,25,2025-09-24,Rejected,Rejected
405,205,32,2025-05-11,Rejected,Rejected
406,206,64,2025-06-16,Withdrawn,Withdrawn
407,206,1,2026-03-01,Applied,In Progress
408,207,63,2026-01-06,Rejected,Rejected
409,207,24,2025-10-14,Rejected,Rejected
410,207,66,2025-04-07,Withdrawn,Withdrawn
411,208,2,2025-05-08,Rejected,Rejected
412,209,34,2026-06-12,Rejected,Rejected
413,209,24,2025-10-04,Rejected,Rejected
414,210,48,2025-05-07,Rejected,Rejected
415,210,47,2025-12-25,Rejected,Rejected
416,210,52,2026-04-10,Withdrawn,Withdrawn
417,211,64,2025-05-07,Applied,In Progress
418,212,41,2025-04-13,Rejected,Rejected
419,212,63,2025-12-26,Rejected,Rejected
420,213,43,2026-05-07,Rejected,Rejected
421,213,34,2026-05-09,Rejected,Rejected
422,214,69,2026-04-10,Rejected,Rejected
423,214,23,2025-12-17,Rejected,Rejected
424,215,19,2026-06-25,Withdrawn,Withdrawn
425,215,22,2026-06-25,Rejected,Rejected
426,216,38,2026-06-16,Rejected,Rejected
427,217,67,2025-11-14,Rejected,Rejected
428,217,58,2025-06-02,Rejected,Rejected
429,217,53,2025-02-19,Rejected,Rejected
430,218,61,2026-03-19,Rejected,Rejected
431,218,7,2025-10-09,Rejected,Rejected
432,218,4,2025-09-24,Rejected,Rejected
433,218,51,2025-05-16,Rejected,Rejected
434,219,18,2025-08-03,Rejected,Rejected
435,219,70,2026-04-19,Rejected,Rejected
436,220,12,2026-03-04,Rejected,Rejected
437,220,57,2025-12-07,Rejected,Rejected
438,221,2,2025-07-07,Rejected,Rejected
439,221,63,2026-02-08,Rejected,Rejected
440,222,56,2025-09-10,Rejected,Rejected
441,222,51,2025-05-19,Rejected,Rejected
442,222,32,2025-04-06,Rejected,Rejected
443,223,24,2025-09-18,Rejected,Rejected
444,223,18,2025-08-04,Rejected,Rejected
445,223,38,2026-05-31,Rejected,Rejected
446,224,57,2026-01-22,Rejected,Rejected
447,225,44,2025-04-05,Rejected,Rejected
448,225,54,2025-03-05,Rejected,Rejected
449,226,10,2026-02-21,Rejected,Rejected
450,226,70,2026-03-24,Applied,In Progress
451,226,61,2026-03-01,Rejected,Rejected
452,227,13,2025-05-26,Rejected,Rejected
453,228,21,2026-07-01,Rejected,Rejected
454,228,6,2025-08-19,Rejected,Rejected
455,228,67,2025-11-04,Rejected,Rejected
456,228,16,2025-05-20,Rejected,Rejected
457,229,20,2025-10-23,Rejected,Rejected
458,229,48,2025-06-02,Rejected,Rejected
459,230,69,2026-02-28,Rejected,Rejected
460,230,14,2026-03-22,Hired,Hired
461,231,33,2025-03-02,Rejected,Rejected
462,231,6,2025-07-07,Rejected,Rejected
463,231,63,2026-01-06,Withdrawn,Withdrawn
464,232,34,2026-05-31,Rejected,Rejected
465,232,70,2026-05-12,Rejected,Rejected
466,233,9,2025-04-20,Applied,In Progress
467,234,64,2025-06-17,Rejected,Rejected
468,235,15,2025-05-31,Rejected,Rejected
469,235,13,2025-04-29,Rejected,Rejected
470,236,68,2025-05-14,Rejected,Rejected
471,236,33,2025-01-16,Hired,Hired
472,237,54,2025-04-05,Rejected,Rejected
473,238,10,2026-02-14,Hired,Hired
474,238,39,2025-04-17,Rejected,Rejected
475,239,23,2026-01-02,Rejected,Rejected
476,239,54,2025-03-27,Rejected,Rejected
477,240,52,2026-04-25,Rejected,Rejected
478,240,65,2026-05-19,Rejected,Rejected
479,240,44,2025-05-04,Rejected,Rejected
480,241,28,2026-04-11,Rejected,Rejected
481,241,49,2026-01-15,Applied,In Progress
482,242,37,2025-03-12,Applied,In Progress
483,242,3,2025-07-16,Rejected,Rejected
484,242,67,2025-11-05,Rejected,Rejected
485,243,20,2025-09-06,Rejected,Rejected
486,243,13,2025-06-18,Rejected,Rejected
487,244,28,2026-04-08,Rejected,Rejected
488,244,10,2026-04-03,Hired,Hired
489,245,49,2025-12-23,Rejected,Rejected
490,246,30,2025-12-17,Rejected,Rejected
491,246,2,2025-06-13,Rejected,Rejected
492,246,49,2025-12-27,Rejected,Rejected
493,247,65,2026-04-19,Rejected,Rejected
494,247,12,2026-03-06,Rejected,Rejected
495,247,29,2026-04-01,Rejected,Rejected
496,248,17,2026-06-27,Rejected,Rejected
497,248,18,2025-08-27,Rejected,Rejected
498,249,56,2025-09-20,Rejected,Rejected
499,250,45,2025-04-01,Rejected,Rejected
500,250,25,2025-09-03,Applied,In Progress
501,251,57,2026-02-04,Withdrawn,Withdrawn
502,251,19,2026-05-23,Rejected,Rejected
503,251,6,2025-07-16,Rejected,Rejected
504,252,69,2026-03-05,Rejected,Rejected
505,253,19,2026-06-09,Rejected,Rejected
506,253,3,2025-07-26,Rejected,Rejected
507,254,2,2025-05-12,Rejected,Rejected
508,255,3,2025-07-30,Applied,In Progress
509,255,38,2026-06-05,Hired,Hired
510,255,50,2025-05-07,Applied,In Progress
511,256,3,2025-08-04,Rejected,Rejected
512,256,6,2025-06-26,Rejected,Rejected
513,256,32,2025-04-03,Applied,In Progress
514,256,68,2025-05-28,Withdrawn,Withdrawn
515,257,44,2025-05-13,Rejected,Rejected
516,258,30,2025-12-29,Rejected,Rejected
517,258,54,2025-03-12,Rejected,Rejected
518,259,26,2025-03-30,Rejected,Rejected
519,259,18,2025-08-12,Rejected,Rejected
520,260,19,2026-05-17,Rejected,Rejected
521,261,25,2025-08-30,Rejected,Rejected
522,262,30,2026-01-05,Rejected,Rejected
523,262,4,2025-10-20,Rejected,Rejected
524,263,63,2025-12-30,Rejected,Rejected
525,263,61,2026-04-14,Rejected,Rejected
526,263,18,2025-09-09,Rejected,Rejected
527,264,59,2026-05-14,Rejected,Rejected
528,264,32,2025-05-04,Rejected,Rejected
529,265,5,2025-06-22,Rejected,Rejected
530,265,67,2025-11-29,Applied,In Progress
531,266,67,2025-11-16,Rejected,Rejected
532,266,7,2025-11-02,Rejected,Rejected
533,267,19,2026-06-26,Rejected,Rejected
534,267,60,2026-04-03,Rejected,Rejected
535,268,58,2025-05-02,Rejected,Rejected
536,268,4,2025-09-12,Rejected,Rejected
537,269,16,2025-06-09,Rejected,Rejected
538,269,12,2026-03-31,Rejected,Rejected
539,269,15,2025-05-22,Rejected,Rejected
540,270,19,2026-05-27,Rejected,Rejected
541,271,24,2025-09-18,Hired,Hired
542,272,64,2025-06-19,Rejected,Rejected
543,272,70,2026-04-23,Rejected,Rejected
544,273,36,2026-06-22,Rejected,Rejected
545,274,45,2025-03-14,Rejected,Rejected
546,275,12,2026-02-16,Rejected,Rejected
547,276,23,2026-01-02,Rejected,Rejected
548,276,59,2026-05-10,Hired,Hired
549,277,36,2026-06-04,Rejected,Rejected
550,278,14,2026-02-04,Rejected,Rejected
551,278,68,2025-06-07,Rejected,Rejected
552,279,64,2025-06-13,Rejected,Rejected
553,279,67,2025-11-05,Rejected,Rejected
554,279,24,2025-10-07,Rejected,Rejected
555,279,30,2025-12-14,Rejected,Rejected
556,280,65,2026-04-27,Rejected,Rejected
557,281,4,2025-10-19,Rejected,Rejected
558,282,5,2025-07-26,Rejected,Rejected
559,282,18,2025-09-20,Rejected,Rejected
560,282,62,2025-10-30,Rejected,Rejected
561,282,20,2025-10-25,Hired,Hired
562,283,69,2026-03-30,Rejected,Rejected
563,283,22,2026-06-30,Rejected,Rejected
564,283,50,2025-05-31,Rejected,Rejected
565,283,24,2025-10-14,Rejected,Rejected
566,284,12,2026-02-14,Rejected,Rejected
567,284,57,2026-01-22,Withdrawn,Withdrawn
568,284,65,2026-03-31,Rejected,Rejected
569,285,67,2025-11-23,Hired,Hired
570,285,15,2025-05-04,Rejected,Rejected
571,285,1,2026-02-08,Rejected,Rejected
572,286,69,2026-03-12,Rejected,Rejected
573,287,2,2025-06-16,Rejected,Rejected
574,288,35,2025-03-04,Rejected,Rejected
575,288,19,2026-06-04,Rejected,Rejected
576,289,61,2026-04-12,Rejected,Rejected
577,290,58,2025-05-10,Rejected,Rejected
578,290,46,2025-11-11,Applied,In Progress
579,291,12,2026-02-19,Rejected,Rejected
580,291,60,2026-03-15,Rejected,Rejected
581,292,51,2025-06-12,Rejected,Rejected
582,292,24,2025-10-11,Rejected,Rejected
583,292,43,2026-05-16,Rejected,Rejected
584,292,42,2025-12-23,Rejected,Rejected
585,293,31,2026-05-10,Rejected,Rejected
586,293,32,2025-04-09,Rejected,Rejected
587,294,56,2025-10-14,Rejected,Rejected
588,294,44,2025-05-03,Hired,Hired
589,294,70,2026-04-06,Rejected,Rejected
590,295,14,2026-03-14,Withdrawn,Withdrawn
591,296,18,2025-09-17,Rejected,Rejected
592,297,38,2026-06-27,Rejected,Rejected
593,297,50,2025-05-11,Rejected,Rejected
594,298,2,2025-07-01,Rejected,Rejected
595,298,66,2025-03-13,Rejected,Rejected
596,298,52,2026-04-10,Rejected,Rejected
597,298,17,2026-06-22,Rejected,Rejected
598,299,25,2025-10-16,Hired,Hired
599,299,50,2025-04-05,Rejected,Rejected
600,300,18,2025-07-31,Rejected,Rejected
601,300,11,2025-10-19,Rejected,Rejected
602,301,50,2025-04-16,Rejected,Rejected
603,301,46,2025-12-21,Rejected,Rejected
604,301,29,2026-02-27,Applied,In Progress
605,302,48,2025-05-27,Rejected,Rejected
606,302,15,2025-06-21,Applied,In Progress
607,303,11,2025-11-05,Rejected,Rejected
608,303,67,2025-12-17,Rejected,Rejected
609,304,69,2026-03-24,Hired,Hired
610,304,2,2025-05-26,Rejected,Rejected
611,304,61,2026-04-01,Rejected,Rejected
612,304,59,2026-05-23,Rejected,Rejected
613,305,11,2025-09-18,Rejected,Rejected
614,306,33,2025-01-16,Rejected,Rejected
615,307,48,2025-05-06,Rejected,Rejected
616,307,23,2025-12-07,Applied,In Progress
617,308,20,2025-10-22,Applied,In Progress
618,308,64,2025-05-14,Rejected,Rejected
619,309,34,2026-06-25,Withdrawn,Withdrawn
620,310,69,2026-03-16,Rejected,Rejected
621,310,30,2026-02-07,Rejected,Rejected
622,311,6,2025-08-18,Rejected,Rejected
623,311,13,2025-05-10,Withdrawn,Withdrawn
624,311,69,2026-04-08,Rejected,Rejected
625,311,46,2025-12-09,Rejected,Rejected
626,312,2,2025-05-08,Rejected,Rejected
627,312,9,2025-03-31,Rejected,Rejected
628,313,12,2026-02-16,Hired,Hired
629,314,12,2026-04-11,Rejected,Rejected
630,314,17,2026-06-26,Rejected,Rejected
631,314,49,2026-01-31,Hired,Hired
632,314,24,2025-10-05,Rejected,Rejected
633,315,9,2025-04-09,Applied,In Progress
634,316,23,2025-11-22,Rejected,Rejected
635,316,63,2026-02-16,Rejected,Rejected
636,317,33,2025-03-06,Rejected,Rejected
637,318,50,2025-06-01,Rejected,Rejected
638,318,35,2025-02-02,Rejected,Rejected
639,318,20,2025-09-04,Rejected,Rejected
640,318,43,2026-05-20,Rejected,Rejected
641,319,12,2026-03-19,Withdrawn,Withdrawn
642,319,47,2025-11-14,Rejected,Rejected
643,320,14,2026-03-02,Rejected,Rejected
644,320,46,2025-11-14,Rejected,Rejected
645,321,9,2025-04-19,Rejected,Rejected
646,321,70,2026-03-19,Rejected,Rejected
647,322,28,2026-03-22,Hired,Hired
648,322,67,2025-11-06,Rejected,Rejected
649,323,17,2026-05-28,Rejected,Rejected
650,324,22,2026-06-25,Rejected,Rejected
651,324,9,2025-03-13,Withdrawn,Withdrawn
652,325,70,2026-03-25,Rejected,Rejected
653,326,16,2025-05-12,Rejected,Rejected
654,327,57,2026-02-04,Rejected,Rejected
655,327,32,2025-05-07,Rejected,Rejected
656,328,12,2026-03-30,Rejected,Rejected
657,329,35,2025-02-05,Rejected,Rejected
658,330,64,2025-06-08,Withdrawn,Withdrawn
659,330,12,2026-02-25,Rejected,Rejected
660,331,70,2026-04-15,Rejected,Rejected
661,331,65,2026-03-30,Rejected,Rejected
662,331,29,2026-04-08,Hired,Hired
663,332,59,2026-04-19,Rejected,Rejected
664,333,4,2025-09-27,Rejected,Rejected
665,334,42,2025-11-30,Rejected,Rejected
666,334,54,2025-02-18,Rejected,Rejected
667,335,10,2026-02-13,Hired,Hired
668,335,61,2026-03-09,Rejected,Rejected
669,335,63,2026-01-06,Rejected,Rejected
670,336,15,2025-06-21,Rejected,Rejected
671,337,21,2026-06-30,Rejected,Rejected
672,337,22,2026-06-28,Rejected,Rejected
673,337,30,2025-12-29,Rejected,Rejected
674,338,1,2026-02-18,Rejected,Rejected
675,338,54,2025-04-04,Rejected,Rejected
676,338,6,2025-07-30,Rejected,Rejected
677,338,61,2026-03-08,Rejected,Rejected
678,339,40,2025-06-17,Rejected,Rejected
679,339,21,2026-07-01,Rejected,Rejected
680,340,48,2025-06-14,Rejected,Rejected
681,340,60,2026-02-15,Rejected,Rejected
682,340,1,2026-02-08,Rejected,Rejected
683,341,47,2025-11-10,Rejected,Rejected
684,341,7,2025-10-27,Rejected,Rejected
685,342,27,2026-06-03,Rejected,Rejected
686,342,18,2025-09-08,Hired,Hired
687,343,35,2025-02-15,Rejected,Rejected
688,343,65,2026-04-20,Rejected,Rejected
689,344,69,2026-03-20,Rejected,Rejected
690,344,38,2026-06-28,Rejected,Rejected
691,345,10,2026-02-17,Rejected,Rejected
692,345,14,2026-02-17,Rejected,Rejected
693,345,22,2026-06-27,Rejected,Rejected
694,345,36,2026-05-26,Rejected,Rejected
695,346,44,2025-04-17,Rejected,Rejected
696,346,42,2025-12-17,Rejected,Rejected
697,347,30,2026-01-01,Rejected,Rejected
698,347,62,2025-10-05,Rejected,Rejected
699,347,48,2025-05-01,Applied,In Progress
700,348,20,2025-09-19,Rejected,Rejected
701,348,21,2026-07-01,Rejected,Rejected
702,349,41,2025-04-17,Rejected,Rejected
703,349,45,2025-05-09,Rejected,Rejected
704,349,19,2026-06-05,Rejected,Rejected
705,350,38,2026-06-29,Hired,Hired
706,351,15,2025-06-13,Rejected,Rejected
707,352,4,2025-09-21,Rejected,Rejected
708,353,25,2025-09-30,Rejected,Rejected
709,354,58,2025-05-23,Rejected,Rejected
710,354,12,2026-04-14,Rejected,Rejected
711,355,55,2025-05-09,Rejected,Rejected
712,356,58,2025-05-04,Rejected,Rejected
713,356,12,2026-02-23,Withdrawn,Withdrawn
714,357,27,2026-06-01,Rejected,Rejected
715,358,53,2025-03-18,Hired,Hired
716,359,18,2025-09-14,Rejected,Rejected
717,359,26,2025-05-02,Withdrawn,Withdrawn
718,359,24,2025-09-25,Rejected,Rejected
719,360,61,2026-02-21,Rejected,Rejected
720,361,36,2026-06-14,Applied,In Progress
721,362,47,2025-12-09,Rejected,Rejected
722,362,62,2025-11-08,Withdrawn,Withdrawn
723,363,8,2025-03-08,Rejected,Rejected
724,364,35,2025-01-26,Rejected,Rejected
725,365,10,2026-02-22,Rejected,Rejected
726,365,66,2025-04-02,Withdrawn,Withdrawn
727,366,69,2026-04-13,Rejected,Rejected
728,366,46,2025-11-29,Rejected,Rejected
729,367,29,2026-04-19,Rejected,Rejected
730,368,15,2025-06-25,Rejected,Rejected
731,368,54,2025-03-06,Rejected,Rejected
732,368,59,2026-06-12,Applied,In Progress
733,369,44,2025-03-18,Rejected,Rejected
734,369,23,2025-12-30,Rejected,Rejected
735,369,39,2025-03-29,Rejected,Rejected
736,370,6,2025-06-27,Rejected,Rejected
737,370,26,2025-05-08,Rejected,Rejected
738,370,14,2026-03-19,Rejected,Rejected
739,371,26,2025-04-22,Rejected,Rejected
740,371,24,2025-11-10,Rejected,Rejected
741,372,9,2025-04-30,Rejected,Rejected
742,372,13,2025-05-11,Rejected,Rejected
743,373,65,2026-04-20,Rejected,Rejected
744,373,61,2026-02-27,Rejected,Rejected
745,373,47,2025-12-02,Rejected,Rejected
746,373,24,2025-10-26,Rejected,Rejected
747,374,15,2025-05-22,Rejected,Rejected
748,375,57,2026-01-11,Rejected,Rejected
749,375,29,2026-04-26,Rejected,Rejected
750,376,67,2025-11-11,Rejected,Rejected
751,376,11,2025-10-27,Hired,Hired
752,377,52,2026-03-28,Withdrawn,Withdrawn
753,377,16,2025-05-12,Rejected,Rejected
754,378,66,2025-03-19,Rejected,Rejected
755,378,36,2026-06-23,Hired,Hired
756,378,19,2026-06-28,Rejected,Rejected
757,378,59,2026-04-26,Rejected,Rejected
758,379,67,2025-12-24,Rejected,Rejected
759,379,64,2025-05-31,Rejected,Rejected
760,380,5,2025-07-13,Hired,Hired
761,381,5,2025-07-21,Rejected,Rejected
762,381,23,2025-11-24,Rejected,Rejected
763,382,63,2026-01-25,Rejected,Rejected
764,382,70,2026-04-11,Rejected,Rejected
765,383,37,2025-03-05,Rejected,Rejected
766,383,42,2026-01-05,Hired,Hired
767,383,8,2025-03-25,Rejected,Rejected
768,384,40,2025-06-09,Rejected,Rejected
769,385,22,2026-06-25,Rejected,Rejected
770,386,54,2025-02-13,Rejected,Rejected
771,386,35,2025-01-23,Rejected,Rejected
772,387,65,2026-05-13,Rejected,Rejected
773,388,26,2025-03-24,Rejected,Rejected
774,388,64,2025-06-19,Rejected,Rejected
775,388,10,2026-03-19,Rejected,Rejected
776,388,69,2026-03-22,Rejected,Rejected
777,389,39,2025-05-05,Rejected,Rejected
778,389,56,2025-10-09,Rejected,Rejected
779,390,67,2025-12-10,Rejected,Rejected
780,390,24,2025-11-09,Rejected,Rejected
781,391,47,2025-11-12,Rejected,Rejected
782,391,60,2026-04-08,Rejected,Rejected
783,392,35,2025-01-19,Rejected,Rejected
784,392,37,2025-03-16,Rejected,Rejected
785,392,21,2026-07-01,Rejected,Rejected
786,393,34,2026-06-27,Withdrawn,Withdrawn
787,394,3,2025-09-09,Hired,Hired
788,394,8,2025-04-10,Rejected,Rejected
789,395,65,2026-05-21,Rejected,Rejected
790,396,12,2026-02-28,Rejected,Rejected
791,397,31,2026-04-14,Rejected,Rejected
792,397,55,2025-05-12,Rejected,Rejected
793,397,28,2026-03-27,Rejected,Rejected
794,398,32,2025-05-14,Rejected,Rejected
795,398,36,2026-06-02,Rejected,Rejected
796,399,31,2026-05-10,Rejected,Rejected
797,399,33,2025-03-14,Withdrawn,Withdrawn
798,400,51,2025-07-12,Withdrawn,Withdrawn
799,400,33,2025-02-05,Withdrawn,Withdrawn
800,400,39,2025-04-23,Rejected,Rejected
801,400,12,2026-03-29,Rejected,Rejected
802,401,42,2026-01-01,Rejected,Rejected
803,401,59,2026-05-27,Rejected,Rejected
804,402,40,2025-05-23,Rejected,Rejected
805,403,17,2026-06-25,Rejected,Rejected
806,403,53,2025-03-21,Rejected,Rejected
807,403,41,2025-04-20,Rejected,Rejected
808,404,3,2025-09-13,Rejected,Rejected
809,405,26,2025-04-05,Rejected,Rejected
810,405,34,2026-05-31,Rejected,Rejected
811,405,22,2026-06-30,Rejected,Rejected
812,405,7,2025-10-18,Rejected,Rejected
813,406,56,2025-10-08,Rejected,Rejected
814,406,27,2026-06-08,Rejected,Rejected
815,407,31,2026-05-12,Rejected,Rejected
816,407,58,2025-06-15,Rejected,Rejected
817,407,32,2025-05-03,Rejected,Rejected
818,407,48,2025-04-24,Rejected,Rejected
819,408,61,2026-03-02,Rejected,Rejected
820,408,46,2025-11-14,Applied,In Progress
821,408,6,2025-06-27,Rejected,Rejected
822,408,1,2026-03-03,Rejected,Rejected
823,409,68,2025-06-07,Rejected,Rejected
824,410,64,2025-05-17,Hired,Hired
825,410,36,2026-05-24,Rejected,Rejected
826,410,47,2025-12-27,Hired,Hired
827,410,56,2025-09-14,Rejected,Rejected
828,411,56,2025-09-02,Rejected,Rejected
829,411,15,2025-05-29,Rejected,Rejected
830,411,64,2025-05-21,Rejected,Rejected
831,412,35,2025-02-05,Rejected,Rejected
832,412,28,2026-04-05,Rejected,Rejected
833,412,1,2026-02-15,Applied,In Progress
834,413,14,2026-02-08,Rejected,Rejected
835,413,42,2025-12-17,Rejected,Rejected
836,414,6,2025-08-05,Rejected,Rejected
837,415,7,2025-11-24,Rejected,Rejected
838,416,49,2026-01-12,Rejected,Rejected
839,416,12,2026-02-14,Withdrawn,Withdrawn
840,417,39,2025-04-24,Withdrawn,Withdrawn
841,418,48,2025-05-02,Rejected,Rejected
842,418,66,2025-03-18,Rejected,Rejected
843,419,66,2025-04-03,Applied,In Progress
844,420,20,2025-11-02,Rejected,Rejected
845,421,56,2025-09-05,Hired,Hired
846,422,67,2025-12-10,Rejected,Rejected
847,422,55,2025-04-22,Rejected,Rejected
848,422,38,2026-06-21,Rejected,Rejected
849,423,60,2026-02-24,Rejected,Rejected
850,424,59,2026-06-04,Rejected,Rejected
851,425,34,2026-06-20,Rejected,Rejected
852,426,2,2025-06-18,Rejected,Rejected
853,426,22,2026-06-27,Rejected,Rejected
854,427,12,2026-02-13,Rejected,Rejected
855,427,17,2026-05-29,Rejected,Rejected
856,427,18,2025-08-19,Withdrawn,Withdrawn
857,428,3,2025-07-26,Hired,Hired
858,428,15,2025-06-22,Rejected,Rejected
859,429,2,2025-05-14,Rejected,Rejected
860,430,38,2026-06-24,Rejected,Rejected
861,430,5,2025-06-30,Rejected,Rejected
862,430,63,2026-01-24,Rejected,Rejected
863,431,45,2025-04-09,Rejected,Rejected
864,432,57,2026-01-08,Rejected,Rejected
865,432,30,2025-12-22,Hired,Hired
866,433,61,2026-03-04,Rejected,Rejected
867,433,21,2026-06-30,Rejected,Rejected
868,433,27,2026-06-13,Rejected,Rejected
869,434,46,2025-12-28,Withdrawn,Withdrawn
870,434,34,2026-06-16,Rejected,Rejected
871,434,21,2026-07-01,Applied,In Progress
872,434,23,2026-01-04,Rejected,Rejected
873,435,66,2025-05-11,Hired,Hired
874,435,14,2026-03-23,Rejected,Rejected
875,435,7,2025-11-28,Rejected,Rejected
876,436,65,2026-04-01,Rejected,Rejected
877,436,64,2025-05-27,Applied,In Progress
878,436,13,2025-05-08,Withdrawn,Withdrawn
879,437,54,2025-03-07,Rejected,Rejected
880,438,18,2025-09-19,Rejected,Rejected
881,438,55,2025-06-15,Rejected,Rejected
882,438,53,2025-04-07,Rejected,Rejected
883,439,22,2026-06-25,Rejected,Rejected
884,439,56,2025-09-18,Rejected,Rejected
885,439,8,2025-04-14,Rejected,Rejected
886,439,51,2025-06-27,Rejected,Rejected
887,440,52,2026-05-09,Rejected,Rejected
888,440,26,2025-04-04,Rejected,Rejected
889,441,66,2025-04-17,Rejected,Rejected
890,442,70,2026-04-23,Rejected,Rejected
891,443,15,2025-06-07,Rejected,Rejected
892,443,8,2025-03-27,Rejected,Rejected
893,443,48,2025-05-11,Applied,In Progress
894,443,34,2026-06-14,Rejected,Rejected
895,444,37,2025-04-18,Rejected,Rejected
896,444,18,2025-08-12,Rejected,Rejected
897,445,55,2025-06-08,Rejected,Rejected
898,446,58,2025-05-14,Rejected,Rejected
899,446,10,2026-04-06,Rejected,Rejected
900,447,63,2026-01-21,Rejected,Rejected
