branch_id,branch_name,city,bank
BR0001,"Ameerpet, Hyderabad",Hyderabad,HDFC Bank
BR0002,"Colaba, Mumbai",Mumbai,ICICI Bank
BR0003,"Karol Bagh, Delhi",Delhi,State Bank of India
BR0004,"Indira Nagar, Lucknow",Lucknow,HDFC Bank
BR0005,"MG Road, Bangalore",Bangalore,Axis Bank
BR0006,"C-Scheme, Jaipur",Jaipur,Kotak Mahindra Bank
BR0007,"Connaught Place, Delhi",Delhi,Punjab National Bank
BR0008,"Gachibowli, Hyderabad",Hyderabad,Bank of Baroda
BR0009,"Adyar, Chennai",Chennai,Kotak Mahindra Bank
BR0010,"Hinjewadi, Pune",Pune,Canara Bank
BR0011,"Secunderabad, Hyderabad",Hyderabad,Kotak Mahindra Bank
BR0012,"Lajpat Nagar, Delhi",Delhi,Bank of Baroda
BR0013,"Vastrapur, Ahmedabad",Ahmedabad,Punjab National Bank
BR0014,"Rohini, Delhi",Delhi,HDFC Bank
BR0015,"Howrah, Kolkata",Kolkata,State Bank of India
BR0016,"Gomti Nagar, Lucknow",Lucknow,Punjab National Bank
BR0017,"Velachery, Chennai",Chennai,State Bank of India
BR0018,"Satellite, Ahmedabad",Ahmedabad,State Bank of India
BR0019,"Ballygunge, Kolkata",Kolkata,State Bank of India
BR0020,"Dwarka, Delhi",Delhi,Kotak Mahindra Bank
BR0021,"Hazratganj, Lucknow",Lucknow,Kotak Mahindra Bank
BR0022,"Viman Nagar, Pune",Pune,Bank of Baroda
BR0023,"Bandra, Mumbai",Mumbai,Canara Bank
BR0024,"Secunderabad, Hyderabad",Hyderabad,HDFC Bank
BR0025,"Sarojini Nagar, Delhi",Delhi,Bank of Baroda
BR0026,"Koramangala, Bangalore",Bangalore,Axis Bank
BR0027,"Vastrapur, Ahmedabad",Ahmedabad,Canara Bank
BR0028,"Hinjewadi, Pune",Pune,Axis Bank
BR0029,"Anna Nagar, Chennai",Chennai,Bank of Baroda
BR0030,"Ballygunge, Kolkata",Kolkata,Punjab National Bank
BR0031,"Mansarovar, Jaipur",Jaipur,Bank of Baroda
BR0032,"Gachibowli, Hyderabad",Hyderabad,ICICI Bank
BR0033,"Powai, Mumbai",Mumbai,Axis Bank
BR0034,"Maninagar, Ahmedabad",Ahmedabad,Bank of Baroda
BR0035,"T Nagar, Chennai",Chennai,Bank of Baroda
BR0036,"Vastrapur, Ahmedabad",Ahmedabad,Bank of Baroda
BR0037,"Mylapore, Chennai",Chennai,Canara Bank
BR0038,"Gachibowli, Hyderabad",Hyderabad,Canara Bank
BR0039,"MG Road, Bangalore",Bangalore,Kotak Mahindra Bank
BR0040,"Koramangala, Bangalore",Bangalore,Canara Bank
BR0041,"Bandra, Mumbai",Mumbai,Punjab National Bank
BR0042,"Koregaon Park, Pune",Pune,Axis Bank
BR0043,"Maninagar, Ahmedabad",Ahmedabad,State Bank of India
BR0044,"Satellite, Ahmedabad",Ahmedabad,Kotak Mahindra Bank
BR0045,"Satellite, Ahmedabad",Ahmedabad,Punjab National Bank
BR0046,"Navrangpura, Ahmedabad",Ahmedabad,Punjab National Bank
BR0047,"Malviya Nagar, Jaipur",Jaipur,Canara Bank
BR0048,"Hazratganj, Lucknow",Lucknow,ICICI Bank
BR0049,"Malviya Nagar, Jaipur",Jaipur,ICICI Bank
BR0050,"Jayanagar, Bangalore",Bangalore,State Bank of India
BR0051,"Jayanagar, Bangalore",Bangalore,Bank of Baroda
BR0052,"Lajpat Nagar, Delhi",Delhi,State Bank of India
BR0053,"MG Road, Bangalore",Bangalore,State Bank of India
BR0054,"Karol Bagh, Delhi",Delhi,Bank of Baroda
BR0055,"Borivali, Mumbai",Mumbai,State Bank of India
BR0056,"Sarojini Nagar, Delhi",Delhi,ICICI Bank
BR0057,"Ballygunge, Kolkata",Kolkata,Kotak Mahindra Bank
BR0058,"Jubilee Hills, Hyderabad",Hyderabad,Kotak Mahindra Bank
BR0059,"Salt Lake, Kolkata",Kolkata,Punjab National Bank
BR0060,"Kothrud, Pune",Pune,State Bank of India
BR0061,"Velachery, Chennai",Chennai,Punjab National Bank
BR0062,"Howrah, Kolkata",Kolkata,ICICI Bank
BR0063,"Kothrud, Pune",Pune,HDFC Bank
BR0064,"Ameerpet, Hyderabad",Hyderabad,Canara Bank
BR0065,"Indiranagar, Bangalore",Bangalore,State Bank of India
BR0066,"Malviya Nagar, Jaipur",Jaipur,Axis Bank
BR0067,"Jayanagar, Bangalore",Bangalore,Axis Bank
BR0068,"Koregaon Park, Pune",Pune,ICICI Bank
BR0069,"MG Road, Bangalore",Bangalore,HDFC Bank
BR0070,"Mylapore, Chennai",Chennai,ICICI Bank
BR0071,"Gomti Nagar, Lucknow",Lucknow,HDFC Bank
BR0072,"Salt Lake, Kolkata",Kolkata,Kotak Mahindra Bank
BR0073,"Banjara Hills, Hyderabad",Hyderabad,Kotak Mahindra Bank
BR0074,"Velachery, Chennai",Chennai,Canara Bank
BR0075,"C-Scheme, Jaipur",Jaipur,Punjab National Bank
BR0076,"Park Street, Kolkata",Kolkata,ICICI Bank
BR0077,"Secunderabad, Hyderabad",Hyderabad,Punjab National Bank
BR0078,"Aliganj, Lucknow",Lucknow,ICICI Bank
BR0079,"Howrah, Kolkata",Kolkata,Kotak Mahindra Bank
BR0080,"Navrangpura, Ahmedabad",Ahmedabad,Canara Bank
BR0081,"Sarojini Nagar, Delhi",Delhi,Canara Bank
BR0082,"Navrangpura, Ahmedabad",Ahmedabad,Axis Bank
BR0083,"Lajpat Nagar, Delhi",Delhi,Kotak Mahindra Bank
BR0084,"Mansarovar, Jaipur",Jaipur,Axis Bank
BR0085,"Gachibowli, Hyderabad",Hyderabad,HDFC Bank
BR0086,"Gachibowli, Hyderabad",Hyderabad,Axis Bank
BR0087,"Koregaon Park, Pune",Pune,HDFC Bank
BR0088,"Dadar, Mumbai",Mumbai,Axis Bank
BR0089,"Andheri, Mumbai",Mumbai,Axis Bank
BR0090,"Hinjewadi, Pune",Pune,ICICI Bank
BR0091,"Secunderabad, Hyderabad",Hyderabad,ICICI Bank
BR0092,"Gomti Nagar, Lucknow",Lucknow,Kotak Mahindra Bank
BR0093,"Park Street, Kolkata",Kolkata,State Bank of India
BR0094,"Vaishali Nagar, Jaipur",Jaipur,ICICI Bank
BR0095,"C-Scheme, Jaipur",Jaipur,ICICI Bank
BR0096,"Viman Nagar, Pune",Pune,ICICI Bank
BR0097,"Jubilee Hills, Hyderabad",Hyderabad,State Bank of India
BR0098,"Mansarovar, Jaipur",Jaipur,ICICI Bank
BR0099,"Bopal, Ahmedabad",Ahmedabad,State Bank of India
BR0100,"Maninagar, Ahmedabad",Ahmedabad,Canara Bank
BR0101,"Mansarovar, Jaipur",Jaipur,Punjab National Bank
BR0102,"Adyar, Chennai",Chennai,HDFC Bank
BR0103,"Gachibowli, Hyderabad",Hyderabad,Punjab National Bank
BR0104,"Banjara Hills, Hyderabad",Hyderabad,Axis Bank
BR0105,"Gariahat, Kolkata",Kolkata,Canara Bank
BR0106,"Bopal, Ahmedabad",Ahmedabad,ICICI Bank
BR0107,"Gariahat, Kolkata",Kolkata,HDFC Bank
BR0108,"Sarojini Nagar, Delhi",Delhi,Axis Bank
BR0109,"Colaba, Mumbai",Mumbai,Bank of Baroda
BR0110,"Adyar, Chennai",Chennai,Canara Bank
BR0111,"Navrangpura, Ahmedabad",Ahmedabad,Kotak Mahindra Bank
BR0112,"Bandra, Mumbai",Mumbai,HDFC Bank
BR0113,"Lajpat Nagar, Delhi",Delhi,Punjab National Bank
BR0114,"Bopal, Ahmedabad",Ahmedabad,HDFC Bank
BR0115,"Koregaon Park, Pune",Pune,State Bank of India
BR0116,"C-Scheme, Jaipur",Jaipur,Canara Bank
BR0117,"Powai, Mumbai",Mumbai,State Bank of India
BR0118,"Borivali, Mumbai",Mumbai,Canara Bank
BR0119,"Dwarka, Delhi",Delhi,Bank of Baroda
BR0120,"Camp, Pune",Pune,Axis Bank
BR0121,"Karol Bagh, Delhi",Delhi,HDFC Bank
BR0122,"Hazratganj, Lucknow",Lucknow,Punjab National Bank
BR0123,"Karol Bagh, Delhi",Delhi,Punjab National Bank
BR0124,"Anna Nagar, Chennai",Chennai,Punjab National Bank
BR0125,"Salt Lake, Kolkata",Kolkata,Axis Bank
BR0126,"Navrangpura, Ahmedabad",Ahmedabad,ICICI Bank
BR0127,"Mylapore, Chennai",Chennai,Punjab National Bank
BR0128,"Viman Nagar, Pune",Pune,Kotak Mahindra Bank
BR0129,"Indira Nagar, Lucknow",Lucknow,Bank of Baroda
BR0130,"Velachery, Chennai",Chennai,Axis Bank
BR0131,"Viman Nagar, Pune",Pune,State Bank of India
BR0132,"Powai, Mumbai",Mumbai,Canara Bank
BR0133,"Malviya Nagar, Jaipur",Jaipur,Kotak Mahindra Bank
BR0134,"Ameerpet, Hyderabad",Hyderabad,Punjab National Bank
BR0135,"Koramangala, Bangalore",Bangalore,HDFC Bank
BR0136,"Rohini, Delhi",Delhi,Bank of Baroda
BR0137,"Koramangala, Bangalore",Bangalore,Punjab National Bank
BR0138,"Andheri, Mumbai",Mumbai,Canara Bank
BR0139,"Vastrapur, Ahmedabad",Ahmedabad,Kotak Mahindra Bank
BR0140,"Koregaon Park, Pune",Pune,Punjab National Bank
BR0141,"Powai, Mumbai",Mumbai,HDFC Bank
BR0142,"Koregaon Park, Pune",Pune,Canara Bank
BR0143,"Vastrapur, Ahmedabad",Ahmedabad,ICICI Bank
BR0144,"Vastrapur, Ahmedabad",Ahmedabad,State Bank of India
BR0145,"Camp, Pune",Pune,Punjab National Bank
BR0146,"Andheri, Mumbai",Mumbai,Punjab National Bank
BR0147,"Adyar, Chennai",Chennai,Punjab National Bank
BR0148,"Gomti Nagar, Lucknow",Lucknow,Axis Bank
BR0149,"Indira Nagar, Lucknow",Lucknow,Axis Bank
BR0150,"Gachibowli, Hyderabad",Hyderabad,Kotak Mahindra Bank
BR0151,"Indira Nagar, Lucknow",Lucknow,Punjab National Bank
BR0152,"Viman Nagar, Pune",Pune,Punjab National Bank
BR0153,"Park Street, Kolkata",Kolkata,Axis Bank
BR0154,"Borivali, Mumbai",Mumbai,HDFC Bank
BR0155,"Banjara Hills, Hyderabad",Hyderabad,Bank of Baroda
BR0156,"Velachery, Chennai",Chennai,Bank of Baroda
BR0157,"Indiranagar, Bangalore",Bangalore,Canara Bank
BR0158,"Gariahat, Kolkata",Kolkata,State Bank of India
BR0159,"C-Scheme, Jaipur",Jaipur,HDFC Bank
BR0160,"Andheri, Mumbai",Mumbai,ICICI Bank
BR0161,"Mansarovar, Jaipur",Jaipur,State Bank of India
BR0162,"Karol Bagh, Delhi",Delhi,Canara Bank
BR0163,"Bandra, Mumbai",Mumbai,Axis Bank
BR0164,"Velachery, Chennai",Chennai,Kotak Mahindra Bank
BR0165,"Mylapore, Chennai",Chennai,State Bank of India
BR0166,"Andheri, Mumbai",Mumbai,State Bank of India
BR0167,"Banjara Hills, Hyderabad",Hyderabad,Punjab National Bank
BR0168,"Aliganj, Lucknow",Lucknow,Kotak Mahindra Bank
BR0169,"Borivali, Mumbai",Mumbai,Kotak Mahindra Bank
BR0170,"Gomti Nagar, Lucknow",Lucknow,Bank of Baroda
BR0171,"Dwarka, Delhi",Delhi,State Bank of India
BR0172,"Powai, Mumbai",Mumbai,Punjab National Bank
BR0173,"Anna Nagar, Chennai",Chennai,Axis Bank
BR0174,"Ballygunge, Kolkata",Kolkata,Axis Bank
BR0175,"Vaishali Nagar, Jaipur",Jaipur,Canara Bank
BR0176,"Dadar, Mumbai",Mumbai,State Bank of India
BR0177,"Indira Nagar, Lucknow",Lucknow,ICICI Bank
BR0178,"Dadar, Mumbai",Mumbai,ICICI Bank
BR0179,"Maninagar, Ahmedabad",Ahmedabad,Kotak Mahindra Bank
BR0180,"Malviya Nagar, Jaipur",Jaipur,Punjab National Bank
BR0181,"Rohini, Delhi",Delhi,State Bank of India
BR0182,"Whitefield, Bangalore",Bangalore,HDFC Bank
BR0183,"Vaishali Nagar, Jaipur",Jaipur,Bank of Baroda
BR0184,"T Nagar, Chennai",Chennai,ICICI Bank
BR0185,"Koramangala, Bangalore",Bangalore,Kotak Mahindra Bank
BR0186,"Jayanagar, Bangalore",Bangalore,ICICI Bank
BR0187,"Whitefield, Bangalore",Bangalore,Punjab National Bank
BR0188,"Adyar, Chennai",Chennai,State Bank of India
BR0189,"Aliganj, Lucknow",Lucknow,State Bank of India
BR0190,"Gariahat, Kolkata",Kolkata,Punjab National Bank
BR0191,"Indiranagar, Bangalore",Bangalore,Axis Bank
BR0192,"Vaishali Nagar, Jaipur",Jaipur,Kotak Mahindra Bank
BR0193,"Maninagar, Ahmedabad",Ahmedabad,HDFC Bank
BR0194,"T Nagar, Chennai",Chennai,Kotak Mahindra Bank
BR0195,"Connaught Place, Delhi",Delhi,State Bank of India
BR0196,"Park Street, Kolkata",Kolkata,Punjab National Bank
BR0197,"Banjara Hills, Hyderabad",Hyderabad,Canara Bank
BR0198,"Salt Lake, Kolkata",Kolkata,Bank of Baroda
BR0199,"Hinjewadi, Pune",Pune,Kotak Mahindra Bank
BR0200,"Mansarovar, Jaipur",Jaipur,Kotak Mahindra Bank
BR0201,"Ballygunge, Kolkata",Kolkata,ICICI Bank
BR0202,"Satellite, Ahmedabad",Ahmedabad,Canara Bank
BR0203,"T Nagar, Chennai",Chennai,Canara Bank
BR0204,"Viman Nagar, Pune",Pune,Canara Bank
BR0205,"Colaba, Mumbai",Mumbai,HDFC Bank
BR0206,"Gariahat, Kolkata",Kolkata,Bank of Baroda
BR0207,"Gariahat, Kolkata",Kolkata,Kotak Mahindra Bank
BR0208,"Indira Nagar, Lucknow",Lucknow,Kotak Mahindra Bank
BR0209,"Jayanagar, Bangalore",Bangalore,Punjab National Bank
BR0210,"Dadar, Mumbai",Mumbai,Bank of Baroda
BR0211,"Park Street, Kolkata",Kolkata,Kotak Mahindra Bank
BR0212,"Ameerpet, Hyderabad",Hyderabad,State Bank of India
BR0213,"Maninagar, Ahmedabad",Ahmedabad,ICICI Bank
BR0214,"Rohini, Delhi",Delhi,Punjab National Bank
BR0215,"Gariahat, Kolkata",Kolkata,ICICI Bank
BR0216,"Kothrud, Pune",Pune,Axis Bank
BR0217,"Hinjewadi, Pune",Pune,HDFC Bank
BR0218,"Ameerpet, Hyderabad",Hyderabad,ICICI Bank
BR0219,"Bopal, Ahmedabad",Ahmedabad,Punjab National Bank
BR0220,"Velachery, Chennai",Chennai,ICICI Bank
BR0221,"Koramangala, Bangalore",Bangalore,Bank of Baroda
BR0222,"Sarojini Nagar, Delhi",Delhi,HDFC Bank
BR0223,"Rohini, Delhi",Delhi,Axis Bank
BR0224,"Vaishali Nagar, Jaipur",Jaipur,State Bank of India
BR0225,"Mylapore, Chennai",Chennai,Kotak Mahindra Bank
BR0226,"Dadar, Mumbai",Mumbai,HDFC Bank
BR0227,"Vastrapur, Ahmedabad",Ahmedabad,HDFC Bank
BR0228,"Connaught Place, Delhi",Delhi,Bank of Baroda
BR0229,"Colaba, Mumbai",Mumbai,Canara Bank
BR0230,"Ballygunge, Kolkata",Kolkata,Canara Bank
BR0231,"Adyar, Chennai",Chennai,Bank of Baroda
BR0232,"Ameerpet, Hyderabad",Hyderabad,Axis Bank
BR0233,"Jayanagar, Bangalore",Bangalore,Kotak Mahindra Bank
BR0234,"MG Road, Bangalore",Bangalore,ICICI Bank
BR0235,"Viman Nagar, Pune",Pune,HDFC Bank
BR0236,"Mansarovar, Jaipur",Jaipur,HDFC Bank
BR0237,"Jayanagar, Bangalore",Bangalore,HDFC Bank
BR0238,"Vaishali Nagar, Jaipur",Jaipur,HDFC Bank
BR0239,"Camp, Pune",Pune,State Bank of India
BR0240,"T Nagar, Chennai",Chennai,State Bank of India
BR0241,"Hinjewadi, Pune",Pune,State Bank of India
BR0242,"Hazratganj, Lucknow",Lucknow,Axis Bank
BR0243,"Jubilee Hills, Hyderabad",Hyderabad,Axis Bank
BR0244,"Salt Lake, Kolkata",Kolkata,Canara Bank
BR0245,"Bandra, Mumbai",Mumbai,ICICI Bank
BR0246,"Gomti Nagar, Lucknow",Lucknow,State Bank of India
BR0247,"Kothrud, Pune",Pune,Bank of Baroda
BR0248,"Andheri, Mumbai",Mumbai,Kotak Mahindra Bank
BR0249,"Koramangala, Bangalore",Bangalore,State Bank of India
BR0250,"Aliganj, Lucknow",Lucknow,Axis Bank
BR0251,"Camp, Pune",Pune,Bank of Baroda
BR0252,"Salt Lake, Kolkata",Kolkata,State Bank of India
BR0253,"Ameerpet, Hyderabad",Hyderabad,Bank of Baroda
BR0254,"Secunderabad, Hyderabad",Hyderabad,Canara Bank
BR0255,"Powai, Mumbai",Mumbai,ICICI Bank
BR0256,"Koregaon Park, Pune",Pune,Kotak Mahindra Bank
BR0257,"Borivali, Mumbai",Mumbai,ICICI Bank
BR0258,"Connaught Place, Delhi",Delhi,ICICI Bank
BR0259,"Kothrud, Pune",Pune,Punjab National Bank
BR0260,"Ballygunge, Kolkata",Kolkata,HDFC Bank
BR0261,"Dwarka, Delhi",Delhi,ICICI Bank
BR0262,"Whitefield, Bangalore",Bangalore,Axis Bank
BR0263,"Secunderabad, Hyderabad",Hyderabad,Bank of Baroda
BR0264,"Anna Nagar, Chennai",Chennai,HDFC Bank
BR0265,"Indiranagar, Bangalore",Bangalore,ICICI Bank
BR0266,"Aliganj, Lucknow",Lucknow,HDFC Bank
BR0267,"Salt Lake, Kolkata",Kolkata,ICICI Bank
BR0268,"Mylapore, Chennai",Chennai,Axis Bank
BR0269,"Satellite, Ahmedabad",Ahmedabad,ICICI Bank
BR0270,"Jayanagar, Bangalore",Bangalore,Canara Bank
BR0271,"Kothrud, Pune",Pune,Canara Bank
BR0272,"Connaught Place, Delhi",Delhi,HDFC Bank
BR0273,"MG Road, Bangalore",Bangalore,Punjab National Bank
BR0274,"T Nagar, Chennai",Chennai,HDFC Bank
BR0275,"Howrah, Kolkata",Kolkata,Punjab National Bank
BR0276,"Connaught Place, Delhi",Delhi,Canara Bank
BR0277,"Whitefield, Bangalore",Bangalore,State Bank of India
BR0278,"Rohini, Delhi",Delhi,ICICI Bank
BR0279,"Dwarka, Delhi",Delhi,Punjab National Bank
BR0280,"Bandra, Mumbai",Mumbai,State Bank of India
BR0281,"C-Scheme, Jaipur",Jaipur,Bank of Baroda
BR0282,"Kothrud, Pune",Pune,ICICI Bank
BR0283,"C-Scheme, Jaipur",Jaipur,Axis Bank
BR0284,"Mansarovar, Jaipur",Jaipur,Canara Bank
BR0285,"Indiranagar, Bangalore",Bangalore,HDFC Bank
BR0286,"Aliganj, Lucknow",Lucknow,Canara Bank
BR0287,"Bandra, Mumbai",Mumbai,Kotak Mahindra Bank
BR0288,"Park Street, Kolkata",Kolkata,Bank of Baroda
BR0289,"Bandra, Mumbai",Mumbai,Bank of Baroda
BR0290,"Karol Bagh, Delhi",Delhi,Kotak Mahindra Bank
BR0291,"Jubilee Hills, Hyderabad",Hyderabad,Punjab National Bank
BR0292,"Velachery, Chennai",Chennai,HDFC Bank
BR0293,"Sarojini Nagar, Delhi",Delhi,Punjab National Bank
BR0294,"Dadar, Mumbai",Mumbai,Canara Bank
BR0295,"Hazratganj, Lucknow",Lucknow,State Bank of India
BR0296,"Koregaon Park, Pune",Pune,Bank of Baroda
BR0297,"Satellite, Ahmedabad",Ahmedabad,HDFC Bank
BR0298,"Vaishali Nagar, Jaipur",Jaipur,Axis Bank
BR0299,"Anna Nagar, Chennai",Chennai,Canara Bank
BR0300,"Dadar, Mumbai",Mumbai,Punjab National Bank
BR0301,"Indiranagar, Bangalore",Bangalore,Bank of Baroda
BR0302,"Powai, Mumbai",Mumbai,Kotak Mahindra Bank
BR0303,"Banjara Hills, Hyderabad",Hyderabad,State Bank of India
BR0304,"Dwarka, Delhi",Delhi,HDFC Bank
BR0305,"Navrangpura, Ahmedabad",Ahmedabad,Bank of Baroda
BR0306,"Jubilee Hills, Hyderabad",Hyderabad,Bank of Baroda
BR0307,"Mylapore, Chennai",Chennai,Bank of Baroda
BR0308,"Dwarka, Delhi",Delhi,Canara Bank
BR0309,"Aliganj, Lucknow",Lucknow,Bank of Baroda
BR0310,"C-Scheme, Jaipur",Jaipur,State Bank of India
BR0311,"Andheri, Mumbai",Mumbai,Bank of Baroda
BR0312,"Dadar, Mumbai",Mumbai,Kotak Mahindra Bank
BR0313,"MG Road, Bangalore",Bangalore,Canara Bank
BR0314,"Vaishali Nagar, Jaipur",Jaipur,Punjab National Bank
BR0315,"Bopal, Ahmedabad",Ahmedabad,Axis Bank
BR0316,"Gomti Nagar, Lucknow",Lucknow,ICICI Bank
BR0317,"Powai, Mumbai",Mumbai,Bank of Baroda
BR0318,"Malviya Nagar, Jaipur",Jaipur,Bank of Baroda
BR0319,"Borivali, Mumbai",Mumbai,Bank of Baroda
BR0320,"Anna Nagar, Chennai",Chennai,ICICI Bank
BR0321,"Camp, Pune",Pune,ICICI Bank
BR0322,"Howrah, Kolkata",Kolkata,Bank of Baroda
BR0323,"Lajpat Nagar, Delhi",Delhi,ICICI Bank
BR0324,"Indira Nagar, Lucknow",Lucknow,Canara Bank
BR0325,"Colaba, Mumbai",Mumbai,State Bank of India
BR0326,"Secunderabad, Hyderabad",Hyderabad,Axis Bank
BR0327,"Secunderabad, Hyderabad",Hyderabad,State Bank of India
BR0328,"Park Street, Kolkata",Kolkata,HDFC Bank
BR0329,"Connaught Place, Delhi",Delhi,Kotak Mahindra Bank
BR0330,"Camp, Pune",Pune,Kotak Mahindra Bank
BR0331,"Anna Nagar, Chennai",Chennai,Kotak Mahindra Bank
BR0332,"T Nagar, Chennai",Chennai,Axis Bank
BR0333,"Adyar, Chennai",Chennai,Axis Bank
BR0334,"MG Road, Bangalore",Bangalore,Bank of Baroda
BR0335,"Navrangpura, Ahmedabad",Ahmedabad,State Bank of India
BR0336,"Hazratganj, Lucknow",Lucknow,Bank of Baroda
BR0337,"Howrah, Kolkata",Kolkata,HDFC Bank
BR0338,"Bopal, Ahmedabad",Ahmedabad,Canara Bank
BR0339,"Karol Bagh, Delhi",Delhi,Axis Bank
BR0340,"Andheri, Mumbai",Mumbai,HDFC Bank
BR0341,"Bopal, Ahmedabad",Ahmedabad,Kotak Mahindra Bank
BR0342,"Borivali, Mumbai",Mumbai,Axis Bank
BR0343,"Hinjewadi, Pune",Pune,Punjab National Bank
BR0344,"Lajpat Nagar, Delhi",Delhi,HDFC Bank
BR0345,"Jubilee Hills, Hyderabad",Hyderabad,ICICI Bank
BR0346,"Whitefield, Bangalore",Bangalore,Canara Bank
BR0347,"Koramangala, Bangalore",Bangalore,ICICI Bank
BR0348,"Maninagar, Ahmedabad",Ahmedabad,Punjab National Bank
BR0349,"Ameerpet, Hyderabad",Hyderabad,Kotak Mahindra Bank
BR0350,"Whitefield, Bangalore",Bangalore,Kotak Mahindra Bank
BR0351,"Indiranagar, Bangalore",Bangalore,Punjab National Bank
BR0352,"Malviya Nagar, Jaipur",Jaipur,HDFC Bank
BR0353,"Hazratganj, Lucknow",Lucknow,HDFC Bank
BR0354,"Jubilee Hills, Hyderabad",Hyderabad,HDFC Bank
BR0355,"Salt Lake, Kolkata",Kolkata,HDFC Bank
BR0356,"Gariahat, Kolkata",Kolkata,Axis Bank
BR0357,"Camp, Pune",Pune,HDFC Bank
BR0358,"Whitefield, Bangalore",Bangalore,Bank of Baroda
BR0359,"Howrah, Kolkata",Kolkata,Canara Bank
BR0360,"Jubilee Hills, Hyderabad",Hyderabad,Canara Bank
BR0361,"Maninagar, Ahmedabad",Ahmedabad,Axis Bank
BR0362,"Satellite, Ahmedabad",Ahmedabad,Bank of Baroda
BR0363,"Colaba, Mumbai",Mumbai,Kotak Mahindra Bank
BR0364,"Adyar, Chennai",Chennai,ICICI Bank
BR0365,"Ballygunge, Kolkata",Kolkata,Bank of Baroda
BR0366,"Gomti Nagar, Lucknow",Lucknow,Canara Bank
BR0367,"Whitefield, Bangalore",Bangalore,ICICI Bank
BR0368,"Karol Bagh, Delhi",Delhi,ICICI Bank
BR0369,"Malviya Nagar, Jaipur",Jaipur,State Bank of India
BR0370,"Bopal, Ahmedabad",Ahmedabad,Bank of Baroda
BR0371,"Hazratganj, Lucknow",Lucknow,Canara Bank
BR0372,"Satellite, Ahmedabad",Ahmedabad,Axis Bank
BR0373,"Howrah, Kolkata",Kolkata,Axis Bank
BR0374,"Aliganj, Lucknow",Lucknow,Punjab National Bank
BR0375,"Borivali, Mumbai",Mumbai,Punjab National Bank
BR0376,"Sarojini Nagar, Delhi",Delhi,Kotak Mahindra Bank
BR0377,"Lajpat Nagar, Delhi",Delhi,Canara Bank
BR0378,"Anna Nagar, Chennai",Chennai,State Bank of India
BR0379,"Camp, Pune",Pune,Canara Bank
BR0380,"Kothrud, Pune",Pune,Kotak Mahindra Bank
BR0381,"Indira Nagar, Lucknow",Lucknow,State Bank of India
BR0382,"Sarojini Nagar, Delhi",Delhi,State Bank of India
BR0383,"Navrangpura, Ahmedabad",Ahmedabad,HDFC Bank
BR0384,"Hinjewadi, Pune",Pune,Bank of Baroda
BR0385,"Rohini, Delhi",Delhi,Canara Bank
BR0386,"Banjara Hills, Hyderabad",Hyderabad,HDFC Bank
BR0387,"Indiranagar, Bangalore",Bangalore,Kotak Mahindra Bank
BR0388,"Colaba, Mumbai",Mumbai,Axis Bank
BR0389,"Lajpat Nagar, Delhi",Delhi,Axis Bank
BR0390,"Dwarka, Delhi",Delhi,Axis Bank
BR0391,"Gachibowli, Hyderabad",Hyderabad,State Bank of India
BR0392,"Rohini, Delhi",Delhi,Kotak Mahindra Bank
BR0393,"Colaba, Mumbai",Mumbai,Punjab National Bank
BR0394,"T Nagar, Chennai",Chennai,Punjab National Bank
BR0395,"Park Street, Kolkata",Kolkata,Canara Bank
BR0396,"Viman Nagar, Pune",Pune,Axis Bank
BR0397,"Connaught Place, Delhi",Delhi,Axis Bank
BR0398,"Vastrapur, Ahmedabad",Ahmedabad,Axis Bank
BR0399,"Banjara Hills, Hyderabad",Hyderabad,ICICI Bank
BR0400,"Mylapore, Chennai",Chennai,HDFC Bank
