company_id,company_name,industry,city
1,Nimbus Technologies,FinTech,Bengaluru
2,Vertex Financial Solutions,Healthcare,Chennai
3,Crestline Retail,EdTech,Pune
4,BrightPath EdTech,FinTech,Jaipur
5,Sanjeevani Health Systems,FinTech,Noida
6,Ironclad Manufacturing Co,Consulting,Bengaluru
7,Meridian Consulting Group,IT Services,Hyderabad
8,Swift Logistics Ltd,EdTech,Chennai
9,Kaleidoscope Media,Media,Noida
10,OrbitNet Telecom,IT Services,Jaipur
11,Pinnacle Software Labs,EdTech,Jaipur
12,Zenith E-commerce,Consulting,Chennai
13,Quantum Finserv,Logistics,Noida
14,Aarohi Learning Systems,Healthcare,Bengaluru
15,TrueCare Diagnostics,E-commerce,Ahmedabad
16,Falcon Industrial Works,Manufacturing,Mumbai
17,Insight Strategy Partners,E-commerce,Chennai
18,Novaline Freight,Manufacturing,Hyderabad
